experiment,round,defense,noise_multiplier,train_loss,test_rmse,test_mae,test_nasa_score,test_auroc,test_auprc,test_precision,test_recall,test_f1,test_tn,test_fp,test_fn,test_tp
no_defense,1,no_defense,0.0,7181.794766164827,99.97801027757303,95.46761322021484,46222753.5291196,0.9794369082168088,0.7033109060693756,0.0,0.0,0.0,9864,0,332,0
no_defense,2,no_defense,0.0,6567.205742876553,96.79277256237937,92.12909698486328,35757383.92283188,0.905091625626594,0.6190579070388573,0.0,0.0,0.0,9864,0,332,0
no_defense,3,no_defense,0.0,6101.438413169017,93.37378680604102,88.56232452392578,27106984.123037893,0.9140412013015566,0.6454674356203719,0.0,0.0,0.0,9864,0,332,0
no_defense,4,no_defense,0.0,5623.290284682106,89.71597979875158,84.7605209350586,20128286.633829527,0.9156064647885949,0.6804741893125722,0.0,0.0,0.0,9864,0,332,0
no_defense,5,no_defense,0.0,5137.608991830964,85.82046291805207,80.73462677001953,14633286.361117529,0.9317217165498979,0.6876243502673619,0.9078947368421053,0.20783132530120482,0.3382352941176471,9857,7,263,69
no_defense,6,no_defense,0.0,4647.338082982251,81.6929930727691,76.47982025146484,10418029.899769826,0.9073863886201741,0.6932056839676101,0.8466257668711656,0.41566265060240964,0.5575757575757576,9839,25,194,138
no_defense,7,no_defense,0.0,4151.223955990718,77.34453598085484,72.04364776611328,7271259.1020973,0.6746244405847233,0.5747430122604746,0.9166666666666666,0.13253012048192772,0.23157894736842105,9860,4,288,44
no_defense,8,no_defense,0.0,3668.992594586114,72.79246975026847,67.42552185058594,4970532.203636313,0.9287857024203872,0.7239947675260542,0.8,0.5903614457831325,0.6793760831889082,9815,49,136,196
no_defense,9,no_defense,0.0,3205.077970882646,68.05771476520866,62.68626022338867,3336244.076534738,0.9466764564340087,0.7633069864838694,0.8054474708171206,0.6234939759036144,0.7028862478777589,9814,50,125,207
no_defense,10,no_defense,0.0,2759.5987027258634,63.15115485385046,57.84661102294922,2194911.6624191655,0.9796666898738506,0.7936676161481832,0.7459807073954984,0.6987951807228916,0.7216174183514774,9785,79,100,232
no_defense,11,no_defense,0.0,2345.5992197461774,58.130957775983056,52.977333068847656,1420888.4569973364,0.982556747671953,0.79362826472244,0.7106741573033708,0.7620481927710844,0.7354651162790697,9761,103,79,253
no_defense,12,no_defense,0.0,1954.3524769805317,52.92227173603874,48.00886535644531,900138.3322075487,0.983551297648013,0.8040306848647655,0.7889273356401384,0.6867469879518072,0.7342995169082126,9803,61,104,228
no_defense,13,no_defense,0.0,1599.9004849261,47.63593060669252,43.02579879760742,562122.0432258586,0.9852209934629027,0.8082595365103181,0.7625,0.7349397590361446,0.7484662576687117,9788,76,88,244
no_defense,14,no_defense,0.0,1284.9485540734684,42.33633468281117,38.150691986083984,349571.00243295974,0.9856152102326581,0.8102397252754449,0.7709677419354839,0.7198795180722891,0.7445482866043613,9793,71,93,239
no_defense,15,no_defense,0.0,1006.0643329311399,37.053874615530255,33.40317153930664,219766.4470012332,0.9859660662113173,0.8073017874729881,0.8078291814946619,0.6837349397590361,0.7406199021207178,9810,54,105,227
no_defense,16,no_defense,0.0,777.7824772830198,31.973820467884348,28.794294357299805,147624.19357923247,0.9864824260545833,0.813178363033042,0.7814569536423841,0.7108433734939759,0.7444794952681388,9798,66,96,236
no_defense,17,no_defense,0.0,591.6139923036708,27.262049819328745,24.51650047302246,115922.86416867396,0.9863242507743871,0.8131063863318383,0.8295454545454546,0.6596385542168675,0.7348993288590604,9819,45,113,219
no_defense,18,no_defense,0.0,451.6261204161998,23.124526230366456,20.563190460205078,109025.44349440855,0.9879160803799139,0.8146864197033415,0.8115942028985508,0.6746987951807228,0.7368421052631579,9812,52,108,224
no_defense,19,no_defense,0.0,361.6882998234492,20.046032383158533,17.342802047729492,114624.81143742107,0.9893540097128173,0.8151266314951099,0.7978723404255319,0.677710843373494,0.7328990228013029,9807,57,107,225
no_defense,20,no_defense,0.0,312.67410628698224,18.253097480344348,15.224244117736816,115995.84295553066,0.9912301273219398,0.8159092899046466,0.8007246376811594,0.6656626506024096,0.7269736842105263,9809,55,111,221
no_defense,21,no_defense,0.0,278.8219421468814,17.032544568058253,13.5916109085083,122161.69150001758,0.9924793456062694,0.8395678474108392,0.8115942028985508,0.6746987951807228,0.7368421052631579,9812,52,108,224
no_defense,22,no_defense,0.0,243.2504369981811,16.223419516868585,12.515456199645996,100600.27482674066,0.9938375765837071,0.8561706239342096,0.8033333333333333,0.7259036144578314,0.7626582278481012,9805,59,91,241
no_defense,23,no_defense,0.0,213.60944464316435,15.149916121751096,11.60464096069336,66105.13580873201,0.9945173027877935,0.8656819645186811,0.8262411347517731,0.7018072289156626,0.758957654723127,9815,49,99,233
no_defense,24,no_defense,0.0,203.09710868562468,14.867741200113576,11.210114479064941,63661.50664186517,0.995281613070286,0.8797870818889264,0.8714859437751004,0.6536144578313253,0.7469879518072289,9832,32,115,217
no_defense,25,no_defense,0.0,187.3171534010363,14.552800824611746,10.605551719665527,61455.78377868254,0.9953802436021458,0.8819220744331457,0.8444444444444444,0.6867469879518072,0.7574750830564784,9822,42,104,228
no_defense,26,no_defense,0.0,189.76156417918585,14.38839442623947,10.315834045410156,60198.799185972086,0.9961979914792992,0.9009728648927985,0.8821292775665399,0.6987951807228916,0.7798319327731092,9833,31,100,232
no_defense,27,no_defense,0.0,183.0697496673702,14.39810685323009,10.12972640991211,57994.59084668077,0.9964404454802177,0.9019184316817759,0.8240740740740741,0.8042168674698795,0.8140243902439024,9807,57,65,267
no_defense,28,no_defense,0.0,172.75300393066556,14.278099330211933,10.277657508850098,47767.649518385835,0.996360747124752,0.9009556943409546,0.8438538205980066,0.7650602409638554,0.8025276461295419,9817,47,78,254
no_defense,29,no_defense,0.0,170.01837533270185,14.095325187404223,10.08073902130127,52128.902120696555,0.9965607564076256,0.9105594276394318,0.930327868852459,0.6837349397590361,0.7881944444444444,9847,17,105,227
no_defense,30,no_defense,0.0,165.46233932075512,14.216114110073294,10.19079303741455,53569.426068267574,0.9961512717536812,0.9031131745154001,0.9,0.7048192771084337,0.7905405405405406,9838,26,98,234
update_clipping,1,update_clipping,0.0,7157.485878199257,106.8292345360693,102.62926483154297,79998944.68225041,0.7661802929479475,0.168116423739102,0.425531914893617,0.12048192771084337,0.18779342723004694,9810,54,292,40
update_clipping,2,update_clipping,0.0,7033.909953412197,105.38423002280749,101.13888549804688,71211188.23696736,0.7791950954670263,0.18651924662517214,1.0,0.0030120481927710845,0.006006006006006006,9864,0,331,1
update_clipping,3,update_clipping,0.0,6927.527188736635,103.93492555440639,99.6358642578125,63400313.27138016,0.782363334115049,0.18153418141518077,0.0,0.0,0.0,9864,0,332,0
update_clipping,4,update_clipping,0.0,6841.487499461742,102.63354486350941,98.27664947509766,57138635.4041773,0.7460506563968771,0.1406283403236775,0.0,0.0,0.0,9864,0,332,0
update_clipping,5,update_clipping,0.0,6763.16322237812,101.55737006275073,97.14424896240234,52437088.91646923,0.7122765697827808,0.12600683464784768,0.0,0.0,0.0,9864,0,332,0
update_clipping,6,update_clipping,0.0,6687.882420516393,100.69010898233749,96.2265625,48928223.70799952,0.6799643830797643,0.11865020996646701,0.0,0.0,0.0,9864,0,332,0
update_clipping,7,update_clipping,0.0,6612.381552189037,99.94296713469888,95.43529510498047,46087422.643451534,0.6130858592520936,0.1093030151403669,0.0,0.0,0.0,9864,0,332,0
update_clipping,8,update_clipping,0.0,6531.294455238962,99.21961613795177,94.67140197753906,43487284.71772345,0.5932177615571776,0.1331982031453035,0.0,0.0,0.0,9864,0,332,0
update_clipping,9,update_clipping,0.0,6437.14405588374,98.4236200531915,93.83588409423828,40785524.81881737,0.6769465330910015,0.304296637755969,0.0,0.0,0.0,9864,0,332,0
update_clipping,10,update_clipping,0.0,6324.831858776311,97.45027778628956,92.81759643554688,37703888.35173326,0.7871956194608116,0.60051122101786,0.0,0.0,0.0,9864,0,332,0
update_clipping,11,update_clipping,0.0,6187.440577238612,96.27052338008244,91.58450317382812,34276415.64005971,0.8707178165215608,0.7208687214433789,0.0,0.0,0.0,9864,0,332,0
update_clipping,12,update_clipping,0.0,6021.496986420698,94.96401970779512,90.22078704833984,30837168.741912086,0.9251991237455905,0.7604660781565511,0.0,0.0,0.0,9864,0,332,0
update_clipping,13,update_clipping,0.0,5837.969465023947,93.67339578623698,88.87696075439453,27772078.500645842,0.953818925336382,0.7711215361421776,0.0,0.0,0.0,9864,0,332,0
update_clipping,14,update_clipping,0.0,5658.738891277122,92.52209934489976,87.67713165283203,25293382.16440718,0.9576274990472841,0.7581141591421219,0.0,0.0,0.0,9864,0,332,0
update_clipping,15,update_clipping,0.0,5500.647252792343,91.29555262819487,86.39746856689453,22893041.403136034,0.953757548441943,0.7386818943189446,1.0,0.045180722891566265,0.08645533141210375,9864,0,317,15
update_clipping,16,update_clipping,0.0,5331.329506287438,89.89361659588238,84.93458557128906,20422909.615011703,0.9527040644329141,0.7266885411899522,0.9574468085106383,0.1355421686746988,0.23746701846965698,9862,2,287,45
update_clipping,17,update_clipping,0.0,5148.055179242619,88.31303354845903,83.28826141357422,17951616.434668932,0.9534381443047129,0.7275934733767488,0.9154929577464789,0.19578313253012047,0.3225806451612903,9858,6,267,65
update_clipping,18,update_clipping,0.0,4945.195322541747,86.55716364417795,81.46533203125,15549410.406063585,0.9566935625714537,0.7328016136387415,0.9108910891089109,0.27710843373493976,0.42494226327944573,9855,9,240,92
update_clipping,19,update_clipping,0.0,4723.857960362232,84.63803906193716,79.48379516601562,13284009.851296451,0.9635975471227977,0.7461482806271431,0.8897058823529411,0.3644578313253012,0.5170940170940171,9849,15,211,121
update_clipping,20,update_clipping,0.0,4491.528281633769,82.62359350164455,77.4126205444336,11254446.706645293,0.9521556420328516,0.7496641547876651,0.8698224852071006,0.4427710843373494,0.5868263473053892,9842,22,185,147
update_clipping,21,update_clipping,0.0,4251.429746651487,80.5908963725122,75.32219696044922,9516801.72084766,0.9619495317034562,0.7619582940217909,0.84375,0.4879518072289157,0.6183206106870229,9834,30,170,162
update_clipping,22,update_clipping,0.0,4021.2714301268375,78.44712341364087,73.13771057128906,7967895.504178174,0.9729923343007064,0.7685406345096584,0.8294930875576036,0.5421686746987951,0.6557377049180327,9827,37,152,180
update_clipping,23,update_clipping,0.0,3783.446010159531,76.21347742115563,70.87210845947266,6617042.958810066,0.980600626349681,0.779128166385452,0.7901234567901234,0.5783132530120482,0.6678260869565218,9813,51,140,192
update_clipping,24,update_clipping,0.0,3551.2920585582606,74.01304717645228,68.63667297363281,5507896.037477903,0.980962475204956,0.7888296640133626,0.7913385826771654,0.6054216867469879,0.6860068259385665,9811,53,131,201
update_clipping,25,update_clipping,0.0,3325.8547071173134,71.7888410222125,66.39860534667969,4571092.485940218,0.9813521116094549,0.7935198938902436,0.7873134328358209,0.6355421686746988,0.7033333333333334,9807,57,121,211
update_clipping,26,update_clipping,0.0,3106.7589429679574,69.42013241961045,64.03937530517578,3743465.7388169924,0.9826379728158374,0.7931775717904685,0.7773851590106007,0.6626506024096386,0.7154471544715447,9801,63,112,220
update_clipping,27,update_clipping,0.0,2884.3619226875853,67.18091174093836,61.81724548339844,3096246.4757481865,0.9851736630219173,0.7977521553022513,0.7666666666666667,0.6927710843373494,0.7278481012658228,9794,70,102,230
update_clipping,28,update_clipping,0.0,2680.207268734571,64.79497035722565,59.466495513916016,2526113.605394128,0.9883841937091431,0.7985433599978663,0.7389937106918238,0.7078313253012049,0.7230769230769231,9781,83,97,235
update_clipping,29,update_clipping,0.0,2471.300047359285,62.47188234705575,57.186519622802734,2070011.950636659,0.9887310800379132,0.8023823282360301,0.7283950617283951,0.7108433734939759,0.7195121951219512,9776,88,96,236
update_clipping,30,update_clipping,0.0,2284.1826589055145,60.021075806883246,54.80123519897461,1675347.3291061814,0.9887228353804512,0.803670638766063,0.7331288343558282,0.7198795180722891,0.7264437689969605,9777,87,93,239
clipping_noise_0.1,1,clipping_noise,0.1,7224.884196910445,107.49213724878904,103.2748031616211,84759688.64510565,0.1496799240758655,0.017889254511828292,0.032561788936837976,1.0,0.06306990881458967,0,9864,0,332
clipping_noise_0.1,2,clipping_noise,0.1,7103.458095180433,106.06809796658936,101.80500030517578,75565158.49173889,0.2878093884052023,0.020708980449251974,0.030421294906434505,0.9156626506024096,0.058886198547215496,175,9689,28,304
clipping_noise_0.1,3,clipping_noise,0.1,6996.078538728296,104.63162688092926,100.32106018066406,67296036.88894652,0.5103795657080878,0.04804947811642971,0.037825059101654845,0.3373493975903614,0.06802307925903432,7015,2849,220,112
clipping_noise_0.1,4,clipping_noise,0.1,6906.366947659885,103.27042776129089,98.91119384765625,60292267.589712635,0.723704581098115,0.2110389274024823,1.0,0.009036144578313253,0.01791044776119403,9864,0,329,3
clipping_noise_0.1,5,clipping_noise,0.1,6821.937754897573,102.10386485706601,97.69801330566406,54869928.98736571,0.8687241362041842,0.42034380643971403,0.0,0.0,0.0,9864,0,332,0
clipping_noise_0.1,6,clipping_noise,0.1,6744.636997114731,101.14675484475515,96.69551849365234,50793642.4706487,0.9280879601129579,0.5438752348873864,0.0,0.0,0.0,9864,0,332,0
clipping_noise_0.1,7,clipping_noise,0.1,6668.761534784482,100.34270865233557,95.84938049316406,47608624.60488939,0.9488020512707765,0.6353008432918115,0.0,0.0,0.0,9864,0,332,0
clipping_noise_0.1,8,clipping_noise,0.1,6585.613570016516,99.59973115080432,95.0669937133789,44845853.25725642,0.9591858919864371,0.7036899266405406,0.0,0.0,0.0,9864,0,332,0
clipping_noise_0.1,9,clipping_noise,0.1,6493.898884841046,98.81462481902666,94.24286651611328,42097745.182972305,0.9549927202728188,0.7365169057566587,0.0,0.0,0.0,9864,0,332,0
clipping_noise_0.1,10,clipping_noise,0.1,6381.258644918537,97.87635196224622,93.26107788085938,39028394.121652104,0.9555359515922571,0.7602390664408841,0.0,0.0,0.0,9864,0,332,0
clipping_noise_0.1,11,clipping_noise,0.1,6248.423232136154,96.76631504073357,92.10126495361328,35680865.587827384,0.9520974713940922,0.7720730274904497,0.0,0.0,0.0,9864,0,332,0
clipping_noise_0.1,12,clipping_noise,0.1,6091.59237541041,95.48479816016527,90.76372528076172,32166509.115331616,0.942848187152503,0.7675489731123999,0.0,0.0,0.0,9864,0,332,0
clipping_noise_0.1,13,clipping_noise,0.1,5910.707429392521,94.20991874034549,89.4342269897461,29009281.617511567,0.9514227835917881,0.766722840059662,0.0,0.0,0.0,9864,0,332,0
clipping_noise_0.1,14,clipping_noise,0.1,5731.775672519189,92.92687081954551,88.0976333618164,26139968.362544276,0.958840685124928,0.766271915185754,0.0,0.0,0.0,9864,0,332,0
clipping_noise_0.1,15,clipping_noise,0.1,5557.630967687165,91.72306207921484,86.8433837890625,23703493.612187646,0.952638717888586,0.7596470879968045,0.0,0.0,0.0,9864,0,332,0
clipping_noise_0.1,16,clipping_noise,0.1,5390.818609910475,90.44659702864725,85.51323699951172,21364219.956516284,0.9370433375839123,0.7482340686806855,1.0,0.0391566265060241,0.07536231884057971,9864,0,319,13
clipping_noise_0.1,17,clipping_noise,0.1,5221.813504435249,89.06193804647275,84.07125091552734,19083700.924974684,0.9220812691153909,0.7328003189660396,1.0,0.08433734939759036,0.15555555555555556,9864,0,304,28
clipping_noise_0.1,18,clipping_noise,0.1,5044.911856041735,87.5198470794625,82.46650695800781,16825098.58454122,0.9279398616363262,0.7340154799234674,1.0,0.12951807228915663,0.22933333333333333,9864,0,289,43
clipping_noise_0.1,19,clipping_noise,0.1,4844.414516012128,85.84029161217067,80.72515106201172,14663629.216228243,0.9360742849744477,0.7411616704962467,0.9482758620689655,0.16566265060240964,0.28205128205128205,9861,3,277,55
clipping_noise_0.1,20,clipping_noise,0.1,4637.4902613244585,84.10694979552076,78.93423461914062,12719024.241795685,0.9461669671386276,0.7485310665627014,0.9186046511627907,0.23795180722891565,0.37799043062200954,9857,7,253,79
clipping_noise_0.1,21,clipping_noise,0.1,4430.428389559422,82.22548729997743,76.99480438232422,10894065.22678198,0.9673476448372565,0.7670291503769008,0.9016393442622951,0.3313253012048193,0.4845814977973568,9852,12,222,110
clipping_noise_0.1,22,clipping_noise,0.1,4206.756130493409,80.32373766223314,75.04116821289062,9311695.327442614,0.9628060600064492,0.7792161755760614,0.9090909090909091,0.3614457831325301,0.5172413793103449,9852,12,212,120
clipping_noise_0.1,23,clipping_noise,0.1,3992.0843425342728,78.37894041629582,73.049072265625,7926290.165739707,0.9758028464221851,0.7920867447326508,0.8926553672316384,0.4759036144578313,0.6208251473477406,9845,19,174,158
clipping_noise_0.1,24,clipping_noise,0.1,3778.6776004302874,76.30380401927874,70.94149780273438,6669968.132299227,0.9811765309412833,0.7981434009437421,0.8348623853211009,0.5481927710843374,0.6618181818181819,9828,36,150,182
clipping_noise_0.1,25,clipping_noise,0.1,3556.1482376138083,74.22896311308511,68.84663391113281,5609414.688440642,0.9821057343730152,0.8006586403793766,0.825531914893617,0.5843373493975904,0.6843033509700176,9823,41,138,194
clipping_noise_0.1,26,clipping_noise,0.1,3342.951819419121,72.06282523777429,66.66697692871094,4678472.161688129,0.9825338458456698,0.8049317040831779,0.8127490039840638,0.6144578313253012,0.6998284734133791,9817,47,128,204
clipping_noise_0.1,27,clipping_noise,0.1,3129.321713617598,69.92772147345251,64.53150177001953,3908537.345867058,0.9829131000889202,0.806893731274039,0.7898550724637681,0.6566265060240963,0.7171052631578947,9806,58,114,218
clipping_noise_0.1,28,clipping_noise,0.1,2929.262341218256,67.77018048730024,62.398563385009766,3255330.9521760764,0.9830328003009605,0.8014199224404439,0.7524752475247525,0.6867469879518072,0.7181102362204724,9789,75,104,228
clipping_noise_0.1,29,clipping_noise,0.1,2731.5107069460373,65.54707054500034,60.19994354248047,2694258.3726791,0.9856262031092742,0.7994009839296529,0.7348242811501597,0.6927710843373494,0.7131782945736435,9781,83,102,230
clipping_noise_0.1,30,clipping_noise,0.1,2542.9371333468653,63.4671074688988,58.144813537597656,2255879.8516496387,0.9859358358006234,0.8031929643855226,0.7508090614886731,0.6987951807228916,0.7238689547581904,9787,77,100,232
clipping_noise_0.3,1,clipping_noise,0.3,7204.343396406801,107.3335966813863,103.10175323486328,83833705.0922372,0.17501774128142739,0.01819256548182169,0.032561788936837976,1.0,0.06306990881458967,0,9864,0,332
clipping_noise_0.3,2,clipping_noise,0.3,7091.778778816484,105.79488926101298,101.521484375,74019673.1687797,0.1529761075933906,0.01780382254469062,0.032561788936837976,1.0,0.06306990881458967,0,9864,0,332
clipping_noise_0.3,3,clipping_noise,0.3,6993.950771158567,104.31737275167785,100.00179290771484,65649786.18298411,0.1532578000566744,0.017787655471467965,0.032561788936837976,1.0,0.06306990881458967,0,9864,0,332
clipping_noise_0.3,4,clipping_noise,0.3,6905.3768271870385,103.01932085172179,98.65766906738281,59087239.65739628,0.17579609801737361,0.018122002036674745,0.032561788936837976,1.0,0.06306990881458967,0,9864,0,332
clipping_noise_0.3,5,clipping_noise,0.3,6830.376824381038,101.98090737363539,97.57305908203125,54326074.275892265,0.23369145682486636,0.01931117559380528,0.03209343409559329,0.9849397590361446,0.06216139150270887,2,9862,5,327
clipping_noise_0.3,6,clipping_noise,0.3,6756.77666677481,101.14353488205512,96.69163513183594,50780441.49841965,0.3258980264122182,0.022383863315192997,0.01922210542123442,0.3855421686746988,0.03661850951223001,3333,6531,204,128
clipping_noise_0.3,7,clipping_noise,0.3,6681.785509598985,100.42374575237423,95.93253326416016,47923988.999399774,0.45885549497259104,0.031511469840407716,0.0,0.0,0.0,9864,0,332,0
clipping_noise_0.3,8,clipping_noise,0.3,6601.792360967197,99.71843661812242,95.19107818603516,45276508.41205568,0.7399370902099884,0.09122773787289802,0.0,0.0,0.0,9864,0,332,0
clipping_noise_0.3,9,clipping_noise,0.3,6508.634044042026,98.94516908053167,94.3810806274414,42537288.359104626,0.9390843483422743,0.4382099122194979,0.0,0.0,0.0,9864,0,332,0
clipping_noise_0.3,10,clipping_noise,0.3,6400.289354364974,97.99585948682984,93.38792419433594,39400317.009053156,0.9690823818387906,0.7305026276679923,0.0,0.0,0.0,9864,0,332,0
clipping_noise_0.3,11,clipping_noise,0.3,6266.169303823424,96.84781372564639,92.18779754638672,35912920.08788645,0.9736442729555692,0.788344651447102,0.0,0.0,0.0,9864,0,332,0
clipping_noise_0.3,12,clipping_noise,0.3,6102.92939175838,95.5404395318417,90.8228759765625,32309908.59112625,0.9815709003898807,0.7988430860382647,0.0,0.0,0.0,9864,0,332,0
clipping_noise_0.3,13,clipping_noise,0.3,5919.966071327488,94.26335490594953,89.49168395996094,29133603.497765314,0.9829265358270063,0.7986469044424624,0.0,0.0,0.0,9864,0,332,0
clipping_noise_0.3,14,clipping_noise,0.3,5742.186086450429,93.01670506890147,88.1934814453125,26329478.543219093,0.9863376865124732,0.7986149287892167,1.0,0.009036144578313253,0.01791044776119403,9864,0,329,3
clipping_noise_0.3,15,clipping_noise,0.3,5567.732730250563,91.76250553398702,86.88512420654297,23778527.441864204,0.986738315793588,0.7871945183329268,1.0,0.07530120481927711,0.1400560224089636,9864,0,307,25
clipping_noise_0.3,16,clipping_noise,0.3,5399.877260395967,90.40020881561198,85.4630355834961,21283443.14272622,0.9861294325721377,0.7804839776410403,1.0,0.12951807228915663,0.22933333333333333,9864,0,289,43
clipping_noise_0.3,17,clipping_noise,0.3,5213.34029258849,88.85772786190996,83.8556137084961,18767866.869721636,0.9857539952999346,0.7786531060077214,0.9333333333333333,0.21084337349397592,0.343980343980344,9859,5,262,70
clipping_noise_0.3,18,clipping_noise,0.3,5010.943112772076,87.11672754844503,82.0445785522461,16278706.2757409,0.9856730755137338,0.781934453578421,0.9081632653061225,0.2680722891566265,0.413953488372093,9855,9,243,89
clipping_noise_0.3,19,clipping_noise,0.3,4795.618844093127,85.23866424817145,80.09928894042969,13957654.102302164,0.9853197766736045,0.7831235191226167,0.9042553191489362,0.2560240963855422,0.39906103286384975,9855,9,247,85
clipping_noise_0.3,20,clipping_noise,0.3,4562.318299419059,83.20598439922306,78.0052261352539,11810623.032653878,0.9781702845445039,0.7815634377852508,0.90625,0.2620481927710843,0.40654205607476634,9855,9,245,87
clipping_noise_0.3,21,clipping_noise,0.3,4320.350466634212,81.16605940427779,75.90067291259766,9982363.511235535,0.9844606528302993,0.7926367353910727,0.8961038961038961,0.41566265060240964,0.5679012345679012,9848,16,194,138
clipping_noise_0.3,22,clipping_noise,0.3,4087.3675371259874,79.03856789469145,73.72113800048828,8371910.256643254,0.9845968423572636,0.7982687172855464,0.8947368421052632,0.4608433734939759,0.6083499005964215,9846,18,179,153
clipping_noise_0.3,23,clipping_noise,0.3,3849.4942666366164,76.97140804383145,71.61997985839844,7050569.778702944,0.9871468843744808,0.7973930820379928,0.8450704225352113,0.5421686746987951,0.6605504587155964,9831,33,152,180
clipping_noise_0.3,24,clipping_noise,0.3,3624.8909603941947,74.71150895486251,69.33710479736328,5839216.406104095,0.9886761156548334,0.7986992173317433,0.8155737704918032,0.5993975903614458,0.6909722222222222,9819,45,133,199
clipping_noise_0.3,25,clipping_noise,0.3,3396.7075405529567,72.46526309528414,67.06928253173828,4838448.714724018,0.989234004143093,0.8040045802491403,0.8045977011494253,0.6325301204819277,0.7082630691399663,9813,51,122,210
clipping_noise_0.3,26,clipping_noise,0.3,3167.400642606853,70.07279278766117,64.67220306396484,3957145.127792039,0.9878823383558565,0.8093770915699168,0.8122605363984674,0.6385542168674698,0.715008431703204,9815,49,120,212
clipping_noise_0.3,27,clipping_noise,0.3,2948.0017493309133,67.76216449833933,62.37308120727539,3253605.214898441,0.989643794154721,0.8089836496283288,0.7684563758389261,0.6897590361445783,0.726984126984127,9795,69,103,229
clipping_noise_0.3,28,clipping_noise,0.3,2734.1670307995955,65.34599918415051,59.98870849609375,2649586.4181243517,0.9894776795747466,0.8102324991290195,0.7793103448275862,0.6807228915662651,0.7266881028938906,9800,64,106,226
clipping_noise_0.3,29,clipping_noise,0.3,2522.7851447771404,62.93765322411835,57.61906814575195,2155299.923155199,0.9893327873537947,0.8066517016050555,0.7539936102236422,0.7108433734939759,0.7317829457364341,9787,77,96,236
clipping_noise_0.3,30,clipping_noise,0.3,2325.0481839302925,60.63726518971234,55.377967834472656,1767806.9746543842,0.9891906433519968,0.8064479787502068,0.7571884984025559,0.713855421686747,0.7348837209302326,9788,76,95,237
clipping_noise_0.5,1,clipping_noise,0.5,7289.352327776987,107.84557010924232,103.70510864257812,86892626.6938237,0.5620405893647583,0.03765536421691194,0.03455094182537205,1.0,0.0667940851021024,587,9277,0,332
clipping_noise_0.5,2,clipping_noise,0.5,7170.464429176612,106.3845517524161,102.20135498046875,77243579.03034025,0.5646301752020246,0.037611220213135295,0.03522920203735144,1.0,0.06806068060680606,772,9092,0,332
clipping_noise_0.5,3,clipping_noise,0.5,7065.0204924904565,104.93253505973493,100.69271087646484,68742649.90983184,0.6121703969161317,0.04281742967968559,0.03903015966883501,0.9939759036144579,0.07511095937179925,1739,8125,2,330
clipping_noise_0.5,4,clipping_noise,0.5,6976.5623291863985,103.64935347874824,99.34304809570312,62043382.90382974,0.6570173638593303,0.048680062940453656,0.04862502276452377,0.8042168674698795,0.09170530654301906,4640,5224,65,267
clipping_noise_0.5,5,clipping_noise,0.5,6897.3000341642155,102.56360926426342,98.19313049316406,56889809.0896552,0.6835837877055668,0.052204599930766496,0.047512991833704527,0.1927710843373494,0.07623585467540203,8581,1283,268,64
clipping_noise_0.5,6,clipping_noise,0.5,6824.044964086922,101.65238810678527,97.2260971069336,52893684.90461594,0.6763521543595307,0.05093842673595182,0.0,0.0,0.0,9861,3,332,0
clipping_noise_0.5,7,clipping_noise,0.5,6747.4566159792275,100.87705717388121,96.40520477294922,49706334.87432236,0.6721705862378955,0.05134756167807099,0.0,0.0,0.0,9864,0,332,0
clipping_noise_0.5,8,clipping_noise,0.5,6666.477371167673,100.16012083003645,95.6513671875,46920388.68237515,0.7026921554832468,0.056329886472731044,0.0,0.0,0.0,9864,0,332,0
clipping_noise_0.5,9,clipping_noise,0.5,6576.480159796316,99.37517197312164,94.82864379882812,44044673.088105984,0.7744883121292958,0.08022248173245586,0.0,0.0,0.0,9864,0,332,0
clipping_noise_0.5,10,clipping_noise,0.5,6462.062432907379,98.41478904679418,93.82405853271484,40761803.21749518,0.9148158937452975,0.41472543625104985,0.0,0.0,0.0,9864,0,332,0
clipping_noise_0.5,11,clipping_noise,0.5,6327.271130511969,97.20502253613236,92.5596694946289,36968204.55882458,0.9705152727699118,0.7483758695603427,0.0,0.0,0.0,9864,0,332,0
clipping_noise_0.5,12,clipping_noise,0.5,6152.364207607985,95.86852161945546,91.16397094726562,33181692.89489964,0.9793781268626819,0.7795966905889905,0.0,0.0,0.0,9864,0,332,0
clipping_noise_0.5,13,clipping_noise,0.5,5966.092368117595,94.4598387295495,89.6948471069336,29602964.686684433,0.9791663613089829,0.7717520945275892,0.0,0.0,0.0,9864,0,332,0
clipping_noise_0.5,14,clipping_noise,0.5,5766.630069269195,93.16342013667435,88.3442611694336,26646906.84158866,0.9833207525967617,0.7643355204993689,0.0,0.0,0.0,9864,0,332,0
clipping_noise_0.5,15,clipping_noise,0.5,5589.645830115952,91.92205958888486,87.0511245727539,24090104.045481518,0.9823799455730464,0.7582329247943773,1.0,0.02108433734939759,0.04129793510324484,9864,0,325,7
clipping_noise_0.5,16,clipping_noise,0.5,5420.569366551006,90.70062577306179,85.77842712402344,21810780.117582362,0.9793175133624523,0.7552662660770202,1.0,0.07228915662650602,0.1348314606741573,9864,0,308,24
clipping_noise_0.5,17,clipping_noise,0.5,5255.891249332113,89.38799894543311,84.41087341308594,19598165.75885096,0.9638039689170307,0.7394200735197096,1.0,0.0963855421686747,0.17582417582417584,9864,0,300,32
clipping_noise_0.5,18,clipping_noise,0.5,5081.649093039291,87.96033207947347,82.92636108398438,17441844.741194114,0.9423338121341815,0.7243625981345491,1.0,0.1144578313253012,0.20540540540540542,9864,0,294,38
clipping_noise_0.5,19,clipping_noise,0.5,4898.213785005236,86.40120916580103,81.30636596679688,15353043.55258842,0.9373880864088959,0.7311409811783722,0.9285714285714286,0.1566265060240964,0.26804123711340205,9860,4,280,52
clipping_noise_0.5,20,clipping_noise,0.5,4706.905602188124,84.67086725502905,79.51517486572266,13321855.573627999,0.948136218841302,0.7451352797845773,0.9324324324324325,0.20783132530120482,0.3399014778325123,9859,5,263,69
clipping_noise_0.5,21,clipping_noise,0.5,4495.868099780122,82.88234377813076,77.66921997070312,11499318.62208353,0.9670867166964695,0.7634212704794375,0.9196428571428571,0.3102409638554217,0.46396396396396394,9855,9,229,103
clipping_noise_0.5,22,clipping_noise,0.5,4284.396786521742,80.94458825139269,75.6834945678711,9799978.919858944,0.9685034236703505,0.7656219395755129,0.8926174496644296,0.4006024096385542,0.553014553014553,9848,16,199,133
clipping_noise_0.5,23,clipping_noise,0.5,4061.8528748586114,78.9635373724797,73.65245056152344,8319282.559509324,0.9747270713022406,0.7818869252932129,0.896774193548387,0.4186746987951807,0.5708418891170431,9848,16,193,139
clipping_noise_0.5,24,clipping_noise,0.5,3844.1528411231097,76.92111167862176,71.57249450683594,7020903.928798453,0.980630856760375,0.7931202434113203,0.8656716417910447,0.5240963855421686,0.6529080675422139,9837,27,158,174
clipping_noise_0.5,25,clipping_noise,0.5,3625.360316752577,74.86911430853013,69.49322509765625,5916974.862842045,0.9855768878433442,0.799387121893866,0.8270042194092827,0.5903614457831325,0.6889279437609842,9823,41,136,196
clipping_noise_0.5,26,clipping_noise,0.5,3412.4160968741307,72.77869386881027,67.38066101074219,4968068.236637759,0.9881585343808321,0.8062039783707967,0.8244897959183674,0.608433734939759,0.7001733102253033,9821,43,130,202
clipping_noise_0.5,27,clipping_noise,0.5,3203.7534736413113,70.60040016817362,65.20024871826172,4136943.728902631,0.9889454411319243,0.8105349605450678,0.8132295719844358,0.6295180722891566,0.7096774193548387,9816,48,123,209
clipping_noise_0.5,28,clipping_noise,0.5,2990.7046694518986,68.34482880950101,62.956661224365234,3419399.85990864,0.9884776331603788,0.8148733210054371,0.8134328358208955,0.6566265060240963,0.7266666666666667,9814,50,114,218
clipping_noise_0.5,29,clipping_noise,0.5,2785.0033521880587,66.11577277893869,60.74948501586914,2829260.9850182016,0.9889655947390535,0.816072388832939,0.7839721254355401,0.677710843373494,0.7269789983844911,9802,62,107,225
clipping_noise_0.5,30,clipping_noise,0.5,2589.0589311524186,63.84029489243549,58.509613037109375,2328850.991394079,0.9896747879596244,0.817457396655022,0.7626582278481012,0.7259036144578314,0.7438271604938271,9789,75,91,241
clipping_noise_1,1,clipping_noise,1.0,7236.877144546503,108.30576472134344,104.142578125,90322027.5779588,0.03504651208239283,0.01661723421516416,0.0,0.0,0.0,9327,537,332,0
clipping_noise_1,2,clipping_noise,1.0,7109.020154738608,106.67608956995706,102.47161865234375,79167612.94687732,0.04609435308142546,0.016649966941832937,0.0,0.0,0.0,9478,386,332,0
clipping_noise_1,3,clipping_noise,1.0,7004.907887500386,104.99742835392446,100.74301147460938,69124634.7056402,0.059460164258005266,0.01672388733525684,0.0,0.0,0.0,9845,19,332,0
clipping_noise_1,4,clipping_noise,1.0,6913.892330044119,103.49537655736124,99.18333435058594,61247099.05028742,0.06442161590400532,0.016777112544369577,0.0,0.0,0.0,9864,0,332,0
clipping_noise_1,5,clipping_noise,1.0,6834.905766836169,102.22696581168053,97.8522720336914,55326029.813318826,0.06580274870772629,0.016806341283455064,0.0,0.0,0.0,9864,0,332,0
clipping_noise_1,6,clipping_noise,1.0,6759.442197077753,101.24824940616257,96.81502532958984,51165513.232270055,0.05981071487898064,0.016764083440456875,0.0,0.0,0.0,9864,0,332,0
clipping_noise_1,7,clipping_noise,1.0,6683.297087124022,100.46112432179923,95.97930145263672,48044372.19021765,0.04931755611252797,0.01668848029490684,0.0,0.0,0.0,9864,0,332,0
clipping_noise_1,8,clipping_noise,1.0,6605.692435210539,99.7547823493315,95.23259735107422,45398014.8681995,0.04406387716315384,0.016700416511354073,0.0,0.0,0.0,9864,0,332,0
clipping_noise_1,9,clipping_noise,1.0,6516.767173827635,99.0090500519397,94.44892883300781,42754580.58536689,0.18834461935332572,0.01843760484300592,0.0,0.0,0.0,9864,0,332,0
clipping_noise_1,10,clipping_noise,1.0,6412.494169585571,98.08258438364581,93.47872161865234,39677219.19397463,0.6130090617946238,0.3056600858846595,0.0,0.0,0.0,9864,0,332,0
clipping_noise_1,11,clipping_noise,1.0,6282.177765676405,96.94170082773977,92.28534698486328,36187232.172695205,0.8606582656660707,0.6940589884243492,0.0,0.0,0.0,9864,0,332,0
clipping_noise_1,12,clipping_noise,1.0,6116.710925749625,95.65355986906603,90.94009399414062,32608004.535782777,0.9341578601510664,0.7417169054320646,0.0,0.0,0.0,9864,0,332,0
clipping_noise_1,13,clipping_noise,1.0,5936.698416406815,94.34976897825453,89.58029174804688,29339649.198529392,0.948891673750965,0.7452935641767835,0.0,0.0,0.0,9864,0,332,0
clipping_noise_1,14,clipping_noise,1.0,5751.823620239363,93.09719593320199,88.27537536621094,26504070.11640607,0.9663892797467242,0.7456486179652027,0.0,0.0,0.0,9864,0,332,0
clipping_noise_1,15,clipping_noise,1.0,5578.572607421195,91.93751062202521,87.06746673583984,24120289.32637843,0.9599529504880838,0.7371914626889455,1.0,0.006024096385542169,0.011976047904191617,9864,0,330,2
clipping_noise_1,16,clipping_noise,1.0,5417.767542761043,90.69093506588737,85.7682876586914,21793442.09263628,0.9461933805782742,0.727468450678151,1.0,0.04216867469879518,0.08092485549132948,9864,0,318,14
clipping_noise_1,17,clipping_noise,1.0,5251.669623271473,89.41055892273015,84.43311309814453,19634207.884914435,0.9433239344238267,0.721424756531108,1.0,0.08734939759036145,0.16066481994459833,9864,0,303,29
clipping_noise_1,18,clipping_noise,1.0,5084.453134554662,87.94119517378502,82.90167999267578,17414701.58543986,0.9582878350384507,0.7314158260358895,0.9629629629629629,0.1566265060240964,0.2694300518134715,9862,2,280,52
clipping_noise_1,19,clipping_noise,1.0,4896.440511973207,86.38997642865606,81.29115295410156,15338557.565942725,0.9652811367122993,0.7364707067670201,0.9213483146067416,0.2469879518072289,0.38954869358669836,9857,7,250,82
clipping_noise_1,20,clipping_noise,1.0,4702.880077223169,84.73736712170582,79.58147430419922,13394745.387225442,0.964959137034757,0.7439640461068232,0.9183673469387755,0.2710843373493976,0.4186046511627907,9856,8,242,90
clipping_noise_1,21,clipping_noise,1.0,4501.8947076173945,82.96593980645763,77.75601196289062,11579174.478209883,0.96942193958315,0.7525720610906024,0.9051724137931034,0.31626506024096385,0.46875,9853,11,227,105
clipping_noise_1,22,clipping_noise,1.0,4293.140434550462,81.05220515777162,75.78791809082031,9889013.174944326,0.9721048121928102,0.767372510559944,0.9104477611940298,0.3674698795180723,0.5236051502145923,9852,12,210,122
clipping_noise_1,23,clipping_noise,1.0,4073.820214294584,78.9747165830622,73.66615295410156,8326808.556847492,0.9824106340202658,0.7766321676594068,0.8611111111111112,0.46686746987951805,0.60546875,9839,25,177,155
clipping_noise_1,24,clipping_noise,1.0,3846.6066848934497,76.84118285667198,71.49290466308594,6975073.852962501,0.9855703226531429,0.7892679633662791,0.8541666666666666,0.4939759036144578,0.6259541984732825,9836,28,168,164
clipping_noise_1,25,clipping_noise,1.0,3615.4758353442107,74.69284434330875,69.31918334960938,5830785.035705493,0.9876186619959155,0.79576920302958,0.8181818181818182,0.5692771084337349,0.6714031971580817,9822,42,143,189
clipping_noise_1,26,clipping_noise,1.0,3396.159067857997,72.53671955357335,67.15080261230469,4867636.984135753,0.9873346793500034,0.8003616689538583,0.8064516129032258,0.6024096385542169,0.6896551724137931,9816,48,132,200
clipping_noise_1,27,clipping_noise,1.0,3175.83657299087,70.37838579777174,64.99345397949219,4059750.2112565,0.9863691383539022,0.8021780243696374,0.8023715415019763,0.6114457831325302,0.694017094017094,9814,50,129,203
clipping_noise_1,28,clipping_noise,1.0,2969.52460128655,68.14166223986982,62.76338577270508,3360023.561076297,0.9891390379034386,0.8067998394295531,0.7832167832167832,0.6746987951807228,0.7249190938511327,9802,62,108,224
clipping_noise_1,29,clipping_noise,1.0,2764.4131458904258,65.85123207370535,60.498626708984375,2765419.120245396,0.9888150534009518,0.8089434467157391,0.7564935064935064,0.7018072289156626,0.728125,9789,75,99,233
clipping_noise_1,30,clipping_noise,1.0,2563.6681748577435,63.58040208505192,58.2699089050293,2277247.315721791,0.9889921608575422,0.810674931591944,0.7532051282051282,0.7078313253012049,0.7298136645962733,9787,77,97,235
