experiment,round,client_id,malicious_client,original_update_norm,protected_update_norm
clean_fedavg,1,0,False,11.01080903103304,11.01080903103304
clean_fedavg,1,1,False,11.274306814721406,11.274306814721406
clean_fedavg,1,2,False,11.132104896002383,11.132104896002383
clean_fedavg,1,3,False,11.435106223741787,11.435106223741787
clean_fedavg,1,4,False,10.746509996020816,10.746509996020816
clean_fedavg,2,0,False,3.3364880451361767,3.3364880451361767
clean_fedavg,2,1,False,3.444102483774796,3.444102483774796
clean_fedavg,2,2,False,3.4426774004823817,3.4426774004823817
clean_fedavg,2,3,False,3.8174252569568226,3.8174252569568226
clean_fedavg,2,4,False,3.254254623105768,3.254254623105768
clean_fedavg,3,0,False,2.2819794257064547,2.2819794257064547
clean_fedavg,3,1,False,2.516941657246424,2.516941657246424
clean_fedavg,3,2,False,2.3780441727128228,2.3780441727128228
clean_fedavg,3,3,False,2.9382656628085027,2.9382656628085027
clean_fedavg,3,4,False,2.4149262982795228,2.4149262982795228
clean_fedavg,4,0,False,2.173207661693817,2.173207661693817
clean_fedavg,4,1,False,2.563572486536831,2.563572486536831
clean_fedavg,4,2,False,2.405745950800051,2.405745950800051
clean_fedavg,4,3,False,2.6046714018283708,2.6046714018283708
clean_fedavg,4,4,False,2.6208545441023485,2.6208545441023485
clean_fedavg,5,0,False,2.493611636712337,2.493611636712337
clean_fedavg,5,1,False,3.0617709909427746,3.0617709909427746
clean_fedavg,5,2,False,3.349549914225092,3.349549914225092
clean_fedavg,5,3,False,2.9767904511765675,2.9767904511765675
clean_fedavg,5,4,False,3.2514333662911405,3.2514333662911405
clean_fedavg,6,0,False,2.5806698551675304,2.5806698551675304
clean_fedavg,6,1,False,3.16245567408849,3.16245567408849
clean_fedavg,6,2,False,3.5372346814575937,3.5372346814575937
clean_fedavg,6,3,False,3.2814758681441134,3.2814758681441134
clean_fedavg,6,4,False,3.419153179276853,3.419153179276853
clean_fedavg,7,0,False,3.361316291973616,3.361316291973616
clean_fedavg,7,1,False,3.555906006984484,3.555906006984484
clean_fedavg,7,2,False,3.2532911376676474,3.2532911376676474
clean_fedavg,7,3,False,3.9644745074275454,3.9644745074275454
clean_fedavg,7,4,False,3.0291905012757256,3.0291905012757256
clean_fedavg,8,0,False,2.478261897557664,2.478261897557664
clean_fedavg,8,1,False,2.5749127489547883,2.5749127489547883
clean_fedavg,8,2,False,2.126791044524871,2.126791044524871
clean_fedavg,8,3,False,2.547248460158224,2.547248460158224
clean_fedavg,8,4,False,2.261351886666644,2.261351886666644
clean_fedavg,9,0,False,2.0102962880735435,2.0102962880735435
clean_fedavg,9,1,False,2.028266925447394,2.028266925447394
clean_fedavg,9,2,False,1.846886950212771,1.846886950212771
clean_fedavg,9,3,False,2.0598004555219007,2.0598004555219007
clean_fedavg,9,4,False,2.1897451914823107,2.1897451914823107
clean_fedavg,10,0,False,1.863104170679966,1.863104170679966
clean_fedavg,10,1,False,2.010300765202199,2.010300765202199
clean_fedavg,10,2,False,2.0179310200070555,2.0179310200070555
clean_fedavg,10,3,False,2.066432787897276,2.066432787897276
clean_fedavg,10,4,False,2.6315221529021997,2.6315221529021997
clean_fedavg,11,0,False,2.0270502085982027,2.0270502085982027
clean_fedavg,11,1,False,2.379588584984978,2.379588584984978
clean_fedavg,11,2,False,1.9833427497735754,1.9833427497735754
clean_fedavg,11,3,False,1.864604092260095,1.864604092260095
clean_fedavg,11,4,False,3.023590257220851,3.023590257220851
clean_fedavg,12,0,False,2.054213307963218,2.054213307963218
clean_fedavg,12,1,False,1.9980124937280515,1.9980124937280515
clean_fedavg,12,2,False,2.0276505748010023,2.0276505748010023
clean_fedavg,12,3,False,2.0253642921705035,2.0253642921705035
clean_fedavg,12,4,False,2.596066683555465,2.596066683555465
clean_fedavg,13,0,False,1.9048813767153872,1.9048813767153872
clean_fedavg,13,1,False,2.476659100889611,2.476659100889611
clean_fedavg,13,2,False,2.252144192316854,2.252144192316854
clean_fedavg,13,3,False,2.2260652839519657,2.2260652839519657
clean_fedavg,13,4,False,3.6431110010102707,3.6431110010102707
clean_fedavg,14,0,False,2.3797391810329227,2.3797391810329227
clean_fedavg,14,1,False,2.584145607417429,2.584145607417429
clean_fedavg,14,2,False,2.5563095675391443,2.5563095675391443
clean_fedavg,14,3,False,2.1106679265450157,2.1106679265450157
clean_fedavg,14,4,False,3.071609341022344,3.071609341022344
clean_fedavg,15,0,False,2.212373419299431,2.212373419299431
clean_fedavg,15,1,False,2.683690149331774,2.683690149331774
clean_fedavg,15,2,False,2.545956336711947,2.545956336711947
clean_fedavg,15,3,False,2.4624076960383756,2.4624076960383756
clean_fedavg,15,4,False,3.502275931154798,3.502275931154798
clean_fedavg,16,0,False,2.370329581878659,2.370329581878659
clean_fedavg,16,1,False,2.613420404446734,2.613420404446734
clean_fedavg,16,2,False,2.953051492288094,2.953051492288094
clean_fedavg,16,3,False,2.57617255645125,2.57617255645125
clean_fedavg,16,4,False,3.710317583932364,3.710317583932364
clean_fedavg,17,0,False,2.303829975003075,2.303829975003075
clean_fedavg,17,1,False,2.4631603102199966,2.4631603102199966
clean_fedavg,17,2,False,3.0425972659568172,3.0425972659568172
clean_fedavg,17,3,False,2.898780796026753,2.898780796026753
clean_fedavg,17,4,False,3.2333578246780452,3.2333578246780452
clean_fedavg,18,0,False,2.7538099301484,2.7538099301484
clean_fedavg,18,1,False,2.3338413704386682,2.3338413704386682
clean_fedavg,18,2,False,2.899220937413593,2.899220937413593
clean_fedavg,18,3,False,2.8422132658552957,2.8422132658552957
clean_fedavg,18,4,False,3.5348096283030026,3.5348096283030026
clean_fedavg,19,0,False,2.6564247903922653,2.6564247903922653
clean_fedavg,19,1,False,2.3098626997896816,2.3098626997896816
clean_fedavg,19,2,False,2.555138459953895,2.555138459953895
clean_fedavg,19,3,False,2.7946554023110446,2.7946554023110446
clean_fedavg,19,4,False,3.357754979943872,3.357754979943872
clean_fedavg,20,0,False,2.5041717939900234,2.5041717939900234
clean_fedavg,20,1,False,2.4531708846858207,2.4531708846858207
clean_fedavg,20,2,False,2.248514544470747,2.248514544470747
clean_fedavg,20,3,False,3.366991853708327,3.366991853708327
clean_fedavg,20,4,False,3.651745233027545,3.651745233027545
clean_fedavg,21,0,False,2.830940790884563,2.830940790884563
clean_fedavg,21,1,False,2.9406243246807273,2.9406243246807273
clean_fedavg,21,2,False,2.4535336839327915,2.4535336839327915
clean_fedavg,21,3,False,2.9411441954834845,2.9411441954834845
clean_fedavg,21,4,False,3.450550491894524,3.450550491894524
clean_fedavg,22,0,False,2.744234683842645,2.744234683842645
clean_fedavg,22,1,False,2.522457122635863,2.522457122635863
clean_fedavg,22,2,False,2.581775425526106,2.581775425526106
clean_fedavg,22,3,False,3.3414561398769362,3.3414561398769362
clean_fedavg,22,4,False,3.8926645309049865,3.8926645309049865
clean_fedavg,23,0,False,2.3539678363256593,2.3539678363256593
clean_fedavg,23,1,False,2.687646685602027,2.687646685602027
clean_fedavg,23,2,False,2.326121704344427,2.326121704344427
clean_fedavg,23,3,False,3.1016747485600606,3.1016747485600606
clean_fedavg,23,4,False,3.013097107975363,3.013097107975363
clean_fedavg,24,0,False,2.1392505334625045,2.1392505334625045
clean_fedavg,24,1,False,2.6655905576069254,2.6655905576069254
clean_fedavg,24,2,False,2.2065693391159122,2.2065693391159122
clean_fedavg,24,3,False,3.1515258613046333,3.1515258613046333
clean_fedavg,24,4,False,2.99301332203479,2.99301332203479
clean_fedavg,25,0,False,2.3449340987127902,2.3449340987127902
clean_fedavg,25,1,False,2.802547556670473,2.802547556670473
clean_fedavg,25,2,False,2.409116120728944,2.409116120728944
clean_fedavg,25,3,False,2.779562417722315,2.779562417722315
clean_fedavg,25,4,False,3.3966769966143984,3.3966769966143984
clean_fedavg,26,0,False,2.3631493321697152,2.3631493321697152
clean_fedavg,26,1,False,2.756453762280239,2.756453762280239
clean_fedavg,26,2,False,2.148468608065263,2.148468608065263
clean_fedavg,26,3,False,2.86103524560718,2.86103524560718
clean_fedavg,26,4,False,2.782511605038115,2.782511605038115
clean_fedavg,27,0,False,1.913176632387256,1.913176632387256
clean_fedavg,27,1,False,2.611473532842014,2.611473532842014
clean_fedavg,27,2,False,2.3958061728700852,2.3958061728700852
clean_fedavg,27,3,False,2.586397502598727,2.586397502598727
clean_fedavg,27,4,False,2.7840849214673353,2.7840849214673353
clean_fedavg,28,0,False,2.163803393647841,2.163803393647841
clean_fedavg,28,1,False,2.3071049533089543,2.3071049533089543
clean_fedavg,28,2,False,2.0563054800305567,2.0563054800305567
clean_fedavg,28,3,False,2.7354282130748238,2.7354282130748238
clean_fedavg,28,4,False,2.9876534262852483,2.9876534262852483
clean_fedavg,29,0,False,2.067711236912652,2.067711236912652
clean_fedavg,29,1,False,2.4215258169284346,2.4215258169284346
clean_fedavg,29,2,False,2.3992171829547253,2.3992171829547253
clean_fedavg,29,3,False,2.546850885148804,2.546850885148804
clean_fedavg,29,4,False,2.8776176729036718,2.8776176729036718
clean_fedavg,30,0,False,1.9571328240002512,1.9571328240002512
clean_fedavg,30,1,False,2.386458669151897,2.386458669151897
clean_fedavg,30,2,False,2.4539793654800888,2.4539793654800888
clean_fedavg,30,3,False,2.478325254823964,2.478325254823964
clean_fedavg,30,4,False,2.5528864701248346,2.5528864701248346
poisoned_fedavg,1,0,True,10.66223393938564,10.66223393938564
poisoned_fedavg,1,1,False,11.006881798981007,11.006881798981007
poisoned_fedavg,1,2,False,10.753910132343128,10.753910132343128
poisoned_fedavg,1,3,False,11.200098558694345,11.200098558694345
poisoned_fedavg,1,4,False,10.566438546341802,10.566438546341802
poisoned_fedavg,2,0,True,3.3480832067664568,3.3480832067664568
poisoned_fedavg,2,1,False,3.8648932594274186,3.8648932594274186
poisoned_fedavg,2,2,False,3.7932934769683357,3.7932934769683357
poisoned_fedavg,2,3,False,3.9936189856865876,3.9936189856865876
poisoned_fedavg,2,4,False,3.577587866770787,3.577587866770787
poisoned_fedavg,3,0,True,2.812963184794289,2.812963184794289
poisoned_fedavg,3,1,False,3.4832500519366536,3.4832500519366536
poisoned_fedavg,3,2,False,3.5349724844921044,3.5349724844921044
poisoned_fedavg,3,3,False,3.600454399884082,3.600454399884082
poisoned_fedavg,3,4,False,2.8693482986194097,2.8693482986194097
poisoned_fedavg,4,0,True,2.722082893785943,2.722082893785943
poisoned_fedavg,4,1,False,3.9229637505365322,3.9229637505365322
poisoned_fedavg,4,2,False,3.8157748198798385,3.8157748198798385
poisoned_fedavg,4,3,False,3.444647239193745,3.444647239193745
poisoned_fedavg,4,4,False,2.9772477633082306,2.9772477633082306
poisoned_fedavg,5,0,True,3.3984197485428638,3.3984197485428638
poisoned_fedavg,5,1,False,3.839916358722177,3.839916358722177
poisoned_fedavg,5,2,False,4.437245097723249,4.437245097723249
poisoned_fedavg,5,3,False,3.8128166534892345,3.8128166534892345
poisoned_fedavg,5,4,False,3.8462243574512387,3.8462243574512387
poisoned_fedavg,6,0,True,4.519710086878782,4.519710086878782
poisoned_fedavg,6,1,False,4.263415568479917,4.263415568479917
poisoned_fedavg,6,2,False,4.310304349350393,4.310304349350393
poisoned_fedavg,6,3,False,3.9236191348618643,3.9236191348618643
poisoned_fedavg,6,4,False,4.269613908007732,4.269613908007732
poisoned_fedavg,7,0,True,5.501901544756384,5.501901544756384
poisoned_fedavg,7,1,False,3.523977893484551,3.523977893484551
poisoned_fedavg,7,2,False,3.2755667172312672,3.2755667172312672
poisoned_fedavg,7,3,False,3.7596427569888107,3.7596427569888107
poisoned_fedavg,7,4,False,3.1762756618280514,3.1762756618280514
poisoned_fedavg,8,0,True,5.129419097776028,5.129419097776028
poisoned_fedavg,8,1,False,2.80109953933867,2.80109953933867
poisoned_fedavg,8,2,False,2.9243665958064335,2.9243665958064335
poisoned_fedavg,8,3,False,2.8285397269183132,2.8285397269183132
poisoned_fedavg,8,4,False,2.881724693945517,2.881724693945517
poisoned_fedavg,9,0,True,4.919323145008703,4.919323145008703
poisoned_fedavg,9,1,False,3.0514189745020515,3.0514189745020515
poisoned_fedavg,9,2,False,2.697624362904455,2.697624362904455
poisoned_fedavg,9,3,False,2.5968881167276314,2.5968881167276314
poisoned_fedavg,9,4,False,3.234489507767242,3.234489507767242
poisoned_fedavg,10,0,True,5.367665477029535,5.367665477029535
poisoned_fedavg,10,1,False,3.6016112635756947,3.6016112635756947
poisoned_fedavg,10,2,False,3.0382660294355808,3.0382660294355808
poisoned_fedavg,10,3,False,2.64757950526971,2.64757950526971
poisoned_fedavg,10,4,False,3.274266560843909,3.274266560843909
poisoned_fedavg,11,0,True,6.074775872928679,6.074775872928679
poisoned_fedavg,11,1,False,2.94017621199903,2.94017621199903
poisoned_fedavg,11,2,False,2.823968848966134,2.823968848966134
poisoned_fedavg,11,3,False,2.8410397614625067,2.8410397614625067
poisoned_fedavg,11,4,False,3.748736224599349,3.748736224599349
poisoned_fedavg,12,0,True,6.371116724374875,6.371116724374875
poisoned_fedavg,12,1,False,3.5232635451871905,3.5232635451871905
poisoned_fedavg,12,2,False,3.5907493017090037,3.5907493017090037
poisoned_fedavg,12,3,False,2.8035670703557325,2.8035670703557325
poisoned_fedavg,12,4,False,3.236181559521545,3.236181559521545
poisoned_fedavg,13,0,True,6.254954547849012,6.254954547849012
poisoned_fedavg,13,1,False,3.8812352315250997,3.8812352315250997
poisoned_fedavg,13,2,False,2.8946151439588172,2.8946151439588172
poisoned_fedavg,13,3,False,2.5306034412016474,2.5306034412016474
poisoned_fedavg,13,4,False,3.585162054009543,3.585162054009543
poisoned_fedavg,14,0,True,6.693451643398796,6.693451643398796
poisoned_fedavg,14,1,False,4.025338521543226,4.025338521543226
poisoned_fedavg,14,2,False,3.913740337154995,3.913740337154995
poisoned_fedavg,14,3,False,2.5677705242497493,2.5677705242497493
poisoned_fedavg,14,4,False,4.1822996785105,4.1822996785105
poisoned_fedavg,15,0,True,6.1623865795440524,6.1623865795440524
poisoned_fedavg,15,1,False,4.316896630432981,4.316896630432981
poisoned_fedavg,15,2,False,4.554704735872381,4.554704735872381
poisoned_fedavg,15,3,False,2.7422926194002692,2.7422926194002692
poisoned_fedavg,15,4,False,4.303377872418977,4.303377872418977
poisoned_fedavg,16,0,True,5.855083942693223,5.855083942693223
poisoned_fedavg,16,1,False,3.802906842948141,3.802906842948141
poisoned_fedavg,16,2,False,4.4256364608982635,4.4256364608982635
poisoned_fedavg,16,3,False,3.0869416862686094,3.0869416862686094
poisoned_fedavg,16,4,False,3.9199561911213547,3.9199561911213547
poisoned_fedavg,17,0,True,6.845569375953102,6.845569375953102
poisoned_fedavg,17,1,False,3.116705115182114,3.116705115182114
poisoned_fedavg,17,2,False,4.03919459995417,4.03919459995417
poisoned_fedavg,17,3,False,2.568450715842308,2.568450715842308
poisoned_fedavg,17,4,False,3.770333250352933,3.770333250352933
poisoned_fedavg,18,0,True,6.126060433760726,6.126060433760726
poisoned_fedavg,18,1,False,2.9239899750613403,2.9239899750613403
poisoned_fedavg,18,2,False,2.7359976606877403,2.7359976606877403
poisoned_fedavg,18,3,False,2.8907221889161643,2.8907221889161643
poisoned_fedavg,18,4,False,3.3030530701756446,3.3030530701756446
poisoned_fedavg,19,0,True,7.235345498135645,7.235345498135645
poisoned_fedavg,19,1,False,2.202877834339971,2.202877834339971
poisoned_fedavg,19,2,False,3.2713604215116874,3.2713604215116874
poisoned_fedavg,19,3,False,2.7860414543724854,2.7860414543724854
poisoned_fedavg,19,4,False,3.444468649766379,3.444468649766379
poisoned_fedavg,20,0,True,6.508235951577367,6.508235951577367
poisoned_fedavg,20,1,False,2.4434024457085926,2.4434024457085926
poisoned_fedavg,20,2,False,2.832472008368212,2.832472008368212
poisoned_fedavg,20,3,False,3.1419495244897866,3.1419495244897866
poisoned_fedavg,20,4,False,3.2457224207876707,3.2457224207876707
poisoned_fedavg,21,0,True,6.781058863686223,6.781058863686223
poisoned_fedavg,21,1,False,2.5851801578168643,2.5851801578168643
poisoned_fedavg,21,2,False,2.716435156767833,2.716435156767833
poisoned_fedavg,21,3,False,3.5981879037257065,3.5981879037257065
poisoned_fedavg,21,4,False,3.046584843378427,3.046584843378427
poisoned_fedavg,22,0,True,6.2951819515925775,6.2951819515925775
poisoned_fedavg,22,1,False,3.0726354746242994,3.0726354746242994
poisoned_fedavg,22,2,False,3.140753264481182,3.140753264481182
poisoned_fedavg,22,3,False,3.1208340814334785,3.1208340814334785
poisoned_fedavg,22,4,False,3.0589553852486056,3.0589553852486056
poisoned_fedavg,23,0,True,6.237945492796397,6.237945492796397
poisoned_fedavg,23,1,False,2.62605410285642,2.62605410285642
poisoned_fedavg,23,2,False,2.8267824991325363,2.8267824991325363
poisoned_fedavg,23,3,False,3.0170124809590364,3.0170124809590364
poisoned_fedavg,23,4,False,3.0639193197416796,3.0639193197416796
poisoned_fedavg,24,0,True,6.39486332366422,6.39486332366422
poisoned_fedavg,24,1,False,2.970902596398247,2.970902596398247
poisoned_fedavg,24,2,False,2.500443860798726,2.500443860798726
poisoned_fedavg,24,3,False,3.4072886222112255,3.4072886222112255
poisoned_fedavg,24,4,False,2.7481207199540454,2.7481207199540454
poisoned_fedavg,25,0,True,5.504722957121754,5.504722957121754
poisoned_fedavg,25,1,False,3.1196905178131136,3.1196905178131136
poisoned_fedavg,25,2,False,2.381916798823008,2.381916798823008
poisoned_fedavg,25,3,False,3.2328382762988337,3.2328382762988337
poisoned_fedavg,25,4,False,2.449994311801311,2.449994311801311
poisoned_fedavg,26,0,True,5.388183934054836,5.388183934054836
poisoned_fedavg,26,1,False,3.0934685426821913,3.0934685426821913
poisoned_fedavg,26,2,False,2.5269181654698514,2.5269181654698514
poisoned_fedavg,26,3,False,2.997415288188073,2.997415288188073
poisoned_fedavg,26,4,False,2.5180756435351546,2.5180756435351546
poisoned_fedavg,27,0,True,4.779606078140854,4.779606078140854
poisoned_fedavg,27,1,False,2.976820813890749,2.976820813890749
poisoned_fedavg,27,2,False,2.315275172584945,2.315275172584945
poisoned_fedavg,27,3,False,2.6562869932523596,2.6562869932523596
poisoned_fedavg,27,4,False,2.725921863309047,2.725921863309047
poisoned_fedavg,28,0,True,5.198405548870104,5.198405548870104
poisoned_fedavg,28,1,False,3.1698420747615104,3.1698420747615104
poisoned_fedavg,28,2,False,2.4246554174326707,2.4246554174326707
poisoned_fedavg,28,3,False,2.6961129570112385,2.6961129570112385
poisoned_fedavg,28,4,False,2.568368633801405,2.568368633801405
poisoned_fedavg,29,0,True,5.105471105758176,5.105471105758176
poisoned_fedavg,29,1,False,2.722921733534538,2.722921733534538
poisoned_fedavg,29,2,False,2.112204388759682,2.112204388759682
poisoned_fedavg,29,3,False,2.333021467152443,2.333021467152443
poisoned_fedavg,29,4,False,2.5296910367069305,2.5296910367069305
poisoned_fedavg,30,0,True,4.758624971462849,4.758624971462849
poisoned_fedavg,30,1,False,2.9858620882657885,2.9858620882657885
poisoned_fedavg,30,2,False,2.1473311625989844,2.1473311625989844
poisoned_fedavg,30,3,False,2.3471724113084056,2.3471724113084056
poisoned_fedavg,30,4,False,2.2840349768985537,2.2840349768985537
poisoned_clipping,1,0,True,10.865493863907288,1.0000000097097654
poisoned_clipping,1,1,False,11.158660203090067,0.9999999900359171
poisoned_clipping,1,2,False,10.92777381432354,0.9999999732924604
poisoned_clipping,1,3,False,11.326522962471405,0.9999999812707754
poisoned_clipping,1,4,False,10.668837312596652,0.9999999963605433
poisoned_clipping,2,0,True,9.98061808116134,0.9999999676587089
poisoned_clipping,2,1,False,10.261932510163632,0.9999999468345763
poisoned_clipping,2,2,False,10.056760990938574,0.9999999619174097
poisoned_clipping,2,3,False,10.39272176097129,1.0000000398526927
poisoned_clipping,2,4,False,9.871899791864369,1.000000029679995
poisoned_clipping,3,0,True,9.139496425242593,0.9999999904573542
poisoned_clipping,3,1,False,9.28566948902458,0.9999999902094032
poisoned_clipping,3,2,False,9.152669554360465,1.0000000178349635
poisoned_clipping,3,3,False,9.545877615591607,1.0000000499735493
poisoned_clipping,3,4,False,8.99582870854616,1.000000002002821
poisoned_clipping,4,0,True,8.44661501445475,0.9999999616543384
poisoned_clipping,4,1,False,8.500544378998839,0.999999980593486
poisoned_clipping,4,2,False,8.410613125971182,0.9999999735563844
poisoned_clipping,4,3,False,8.65222115391799,1.0000000066179382
poisoned_clipping,4,4,False,8.131740406277139,1.0000000067789756
poisoned_clipping,5,0,True,7.588433365826315,1.0000000197251209
poisoned_clipping,5,1,False,7.596061367457451,0.9999999859263083
poisoned_clipping,5,2,False,7.482509749832714,1.0000000055412102
poisoned_clipping,5,3,False,7.78475502672446,1.0000000041011958
poisoned_clipping,5,4,False,7.389690552978195,0.9999999733039427
poisoned_clipping,6,0,True,6.793401286566608,1.0000000434761196
poisoned_clipping,6,1,False,6.808467791198253,0.999999978478513
poisoned_clipping,6,2,False,6.631989741080394,1.0000000012025794
poisoned_clipping,6,3,False,6.894350832382703,1.0000000394794588
poisoned_clipping,6,4,False,6.565212385661836,1.0000000295064804
poisoned_clipping,7,0,True,6.01826691865089,0.9999999894607753
poisoned_clipping,7,1,False,5.890243153688549,1.0000000129819568
poisoned_clipping,7,2,False,5.874863362775317,0.9999999667753338
poisoned_clipping,7,3,False,6.123233967327098,0.9999999837298218
poisoned_clipping,7,4,False,5.7381669094574175,1.0000000181915778
poisoned_clipping,8,0,True,5.194923763805369,0.9999999475458012
poisoned_clipping,8,1,False,5.143556728034253,0.9999999959985075
poisoned_clipping,8,2,False,4.992388025266798,0.9999999733793029
poisoned_clipping,8,3,False,5.272325146242106,0.9999999820163054
poisoned_clipping,8,4,False,5.007879517626172,1.0000000238007025
poisoned_clipping,9,0,True,4.3835784003001255,1.0000000005047696
poisoned_clipping,9,1,False,4.3641859810696975,0.999999971190753
poisoned_clipping,9,2,False,4.325585399050548,0.9999999852120139
poisoned_clipping,9,3,False,4.4790161582715875,1.0000000097195993
poisoned_clipping,9,4,False,4.240375474216367,0.999999973047213
poisoned_clipping,10,0,True,3.6759153631110792,0.9999999844967532
poisoned_clipping,10,1,False,3.607123094664374,1.0000000402361477
poisoned_clipping,10,2,False,3.533935642636675,1.000000063815204
poisoned_clipping,10,3,False,3.7679182337885426,0.9999999606441891
poisoned_clipping,10,4,False,3.5640008689788587,0.9999999495453787
poisoned_clipping,11,0,True,2.9487067939249596,0.9999999958981789
poisoned_clipping,11,1,False,3.0105257910738024,1.0000000055980776
poisoned_clipping,11,2,False,2.848828213105052,1.0000000064822867
poisoned_clipping,11,3,False,3.1462691263807274,0.999999995094143
poisoned_clipping,11,4,False,2.8583391015291215,0.9999999667165861
poisoned_clipping,12,0,True,2.4255788979184656,1.0000000164836818
poisoned_clipping,12,1,False,2.6549245577024716,0.9999999844934563
poisoned_clipping,12,2,False,2.5334308288551006,1.0000000289023947
poisoned_clipping,12,3,False,2.746836951331344,1.000000001013881
poisoned_clipping,12,4,False,2.4461123360335093,0.9999999577059939
poisoned_clipping,13,0,True,2.189807314718536,1.0000000271738823
poisoned_clipping,13,1,False,2.7076530543726083,0.9999999681835158
poisoned_clipping,13,2,False,2.442449802467583,0.9999999622562534
poisoned_clipping,13,3,False,2.627149071307735,0.9999999976772642
poisoned_clipping,13,4,False,2.402620488265326,1.0000000443699824
poisoned_clipping,14,0,True,2.2408464014144025,1.0000000008349161
poisoned_clipping,14,1,False,2.909239934790696,0.9999999835567336
poisoned_clipping,14,2,False,3.100010101504233,1.0000000030473757
poisoned_clipping,14,3,False,2.8232055646931613,1.0000000565412945
poisoned_clipping,14,4,False,2.638386664786878,0.9999999879575511
poisoned_clipping,15,0,True,2.5347811813691146,1.00000000532782
poisoned_clipping,15,1,False,3.4542359559189126,0.9999999826169982
poisoned_clipping,15,2,False,3.463946624119151,0.9999999993524966
poisoned_clipping,15,3,False,3.392788479050874,0.9999999395531898
poisoned_clipping,15,4,False,3.16051470136195,0.9999999986786747
poisoned_clipping,16,0,True,2.8071386384254082,1.0000000418458503
poisoned_clipping,16,1,False,3.2941438680546606,1.0000000342977267
poisoned_clipping,16,2,False,3.3279600636026383,1.0000000723019555
poisoned_clipping,16,3,False,3.538875002632605,0.9999999767426286
poisoned_clipping,16,4,False,3.3627677115893677,1.0000000281914931
poisoned_clipping,17,0,True,2.8116232608996024,0.9999999871852195
poisoned_clipping,17,1,False,3.3218641105840434,0.9999999786082296
poisoned_clipping,17,2,False,3.232215417685439,1.0000000161810474
poisoned_clipping,17,3,False,3.321645258080948,1.000000007164033
poisoned_clipping,17,4,False,3.1032134282637496,1.0000000152946311
poisoned_clipping,18,0,True,2.9076876426052243,1.0000000709542267
poisoned_clipping,18,1,False,3.128499098849344,1.0000000193197136
poisoned_clipping,18,2,False,2.94047223085123,0.999999991944378
poisoned_clipping,18,3,False,3.0832320662353188,1.0000000210111464
poisoned_clipping,18,4,False,2.719337543930269,0.9999999617293717
poisoned_clipping,19,0,True,2.955357449047662,0.9999999918682079
poisoned_clipping,19,1,False,2.8060841819240707,0.9999999882957126
poisoned_clipping,19,2,False,2.8648567309156623,0.9999999834112713
poisoned_clipping,19,3,False,2.934949263421882,1.0000000124608164
poisoned_clipping,19,4,False,2.6770357194345795,0.9999999572053175
poisoned_clipping,20,0,True,2.905609203027752,0.9999999743031364
poisoned_clipping,20,1,False,2.6683522756086613,0.9999999786964506
poisoned_clipping,20,2,False,2.646168137972425,0.9999999403189559
poisoned_clipping,20,3,False,2.9932975890361693,0.9999999661936266
poisoned_clipping,20,4,False,2.279571844055805,0.9999999914889486
poisoned_clipping,21,0,True,3.256940274711095,0.999999988563104
poisoned_clipping,21,1,False,2.566602238306182,0.9999999829283296
poisoned_clipping,21,2,False,2.45978172160506,0.9999999579786154
poisoned_clipping,21,3,False,2.6971698299608255,1.0000000300440202
poisoned_clipping,21,4,False,2.566982174110859,1.000000034742697
poisoned_clipping,22,0,True,3.4423836342598393,0.9999999870778992
poisoned_clipping,22,1,False,2.6062658138356105,1.000000016763124
poisoned_clipping,22,2,False,2.3770267077066567,1.0000000003801688
poisoned_clipping,22,3,False,2.5714863320834844,1.0000000196257586
poisoned_clipping,22,4,False,2.292453382623124,0.999999981865585
poisoned_clipping,23,0,True,3.6488940383425055,0.9999999327069395
poisoned_clipping,23,1,False,2.4170398734005283,1.000000037849076
poisoned_clipping,23,2,False,2.452096496880733,0.9999999987260253
poisoned_clipping,23,3,False,2.285425109899637,0.9999999476303842
poisoned_clipping,23,4,False,2.3683146651307734,1.000000009660198
poisoned_clipping,24,0,True,3.7261840715372054,1.0000000402651485
poisoned_clipping,24,1,False,2.5560740272969387,1.000000019821641
poisoned_clipping,24,2,False,2.2151536860517314,0.9999999957750667
poisoned_clipping,24,3,False,2.4574704192767154,0.9999999950659912
poisoned_clipping,24,4,False,2.298413210701336,0.9999999974311322
poisoned_clipping,25,0,True,3.907917071962197,0.999999978409505
poisoned_clipping,25,1,False,2.4221070524164547,0.9999999885911847
poisoned_clipping,25,2,False,2.4158553562799523,0.9999999955911107
poisoned_clipping,25,3,False,2.2497256794263287,0.9999999774335036
poisoned_clipping,25,4,False,2.077188523420844,0.9999999741662574
poisoned_clipping,26,0,True,4.167948670828951,0.9999999831361491
poisoned_clipping,26,1,False,2.2321311609618393,0.9999999616277214
poisoned_clipping,26,2,False,2.262391267317792,1.0000000293846507
poisoned_clipping,26,3,False,2.3480291957908888,1.0000000090562366
poisoned_clipping,26,4,False,2.3700263287507495,0.9999999958434991
poisoned_clipping,27,0,True,4.284081124131721,0.9999999566989564
poisoned_clipping,27,1,False,2.5229361918667075,1.0000000788644852
poisoned_clipping,27,2,False,2.6938452378300766,0.9999999374943778
poisoned_clipping,27,3,False,2.1354662765735872,0.9999999953494978
poisoned_clipping,27,4,False,2.5303421386451106,0.999999990880196
poisoned_clipping,28,0,True,4.099397556689912,1.000000000091859
poisoned_clipping,28,1,False,2.5236733544768857,1.0000000191508633
poisoned_clipping,28,2,False,2.241300496763406,1.0000000258440993
poisoned_clipping,28,3,False,2.1912566993336022,0.9999999876681328
poisoned_clipping,28,4,False,2.364955147174275,1.0000000150723813
poisoned_clipping,29,0,True,4.408005826110787,0.9999999812798703
poisoned_clipping,29,1,False,2.544473123041785,1.0000000110389777
poisoned_clipping,29,2,False,2.580750566978001,0.9999999778246715
poisoned_clipping,29,3,False,2.129482386462775,1.0000000292794762
poisoned_clipping,29,4,False,2.419928464036913,1.0000000121619195
poisoned_clipping,30,0,True,4.56773489316126,1.000000026373527
poisoned_clipping,30,1,False,2.577930775603431,1.0000000121629213
poisoned_clipping,30,2,False,2.472959087271523,1.000000005193101
poisoned_clipping,30,3,False,2.29291869078332,1.0000000064117671
poisoned_clipping,30,4,False,2.2390112671093485,0.9999999954804419
poisoned_median,1,0,True,10.838428328683111,10.838428328683111
poisoned_median,1,1,False,11.213998353227804,11.213998353227804
poisoned_median,1,2,False,11.024595268317901,11.024595268317901
poisoned_median,1,3,False,11.417223455857107,11.417223455857107
poisoned_median,1,4,False,10.71337297552508,10.71337297552508
poisoned_median,2,0,True,3.4371097234012904,3.4371097234012904
poisoned_median,2,1,False,3.8828386263344785,3.8828386263344785
poisoned_median,2,2,False,3.673964604975989,3.673964604975989
poisoned_median,2,3,False,3.9706304274590125,3.9706304274590125
poisoned_median,2,4,False,3.526260869662437,3.526260869662437
poisoned_median,3,0,True,2.6384502788600033,2.6384502788600033
poisoned_median,3,1,False,3.3733146390327637,3.3733146390327637
poisoned_median,3,2,False,3.1692037281758334,3.1692037281758334
poisoned_median,3,3,False,3.2063648477253084,3.2063648477253084
poisoned_median,3,4,False,2.8129499764980657,2.8129499764980657
poisoned_median,4,0,True,2.5772105882121643,2.5772105882121643
poisoned_median,4,1,False,3.3738674661018053,3.3738674661018053
poisoned_median,4,2,False,3.3522224806362626,3.3522224806362626
poisoned_median,4,3,False,3.31780105073953,3.31780105073953
poisoned_median,4,4,False,3.072746796862444,3.072746796862444
poisoned_median,5,0,True,3.296866226631739,3.296866226631739
poisoned_median,5,1,False,3.2076069841116333,3.2076069841116333
poisoned_median,5,2,False,3.550588284506315,3.550588284506315
poisoned_median,5,3,False,3.222828998406624,3.222828998406624
poisoned_median,5,4,False,3.310774347251375,3.310774347251375
poisoned_median,6,0,True,4.467971254471384,4.467971254471384
poisoned_median,6,1,False,3.115064228139991,3.115064228139991
poisoned_median,6,2,False,3.227248751379011,3.227248751379011
poisoned_median,6,3,False,3.281000205577514,3.281000205577514
poisoned_median,6,4,False,3.139820945023025,3.139820945023025
poisoned_median,7,0,True,5.267073197864043,5.267073197864043
poisoned_median,7,1,False,2.846673112495607,2.846673112495607
poisoned_median,7,2,False,2.559362343627419,2.559362343627419
poisoned_median,7,3,False,3.0264176368323894,3.0264176368323894
poisoned_median,7,4,False,2.6695318067341653,2.6695318067341653
poisoned_median,8,0,True,5.100089928143865,5.100089928143865
poisoned_median,8,1,False,2.3383333435610494,2.3383333435610494
poisoned_median,8,2,False,2.3197721536279055,2.3197721536279055
poisoned_median,8,3,False,2.2065971266762485,2.2065971266762485
poisoned_median,8,4,False,2.4934619176648596,2.4934619176648596
poisoned_median,9,0,True,5.536533526532919,5.536533526532919
poisoned_median,9,1,False,2.701720359628118,2.701720359628118
poisoned_median,9,2,False,2.6891919422049066,2.6891919422049066
poisoned_median,9,3,False,2.1004658577829356,2.1004658577829356
poisoned_median,9,4,False,2.998901361078157,2.998901361078157
poisoned_median,10,0,True,6.098902830934489,6.098902830934489
poisoned_median,10,1,False,2.481272614477919,2.481272614477919
poisoned_median,10,2,False,2.375228407391406,2.375228407391406
poisoned_median,10,3,False,2.1698522889064176,2.1698522889064176
poisoned_median,10,4,False,2.860832596993578,2.860832596993578
poisoned_median,11,0,True,6.352113791563428,6.352113791563428
poisoned_median,11,1,False,2.4920095080821794,2.4920095080821794
poisoned_median,11,2,False,2.086640655958517,2.086640655958517
poisoned_median,11,3,False,2.1554879267417406,2.1554879267417406
poisoned_median,11,4,False,3.0968140874246415,3.0968140874246415
poisoned_median,12,0,True,6.679536834604323,6.679536834604323
poisoned_median,12,1,False,2.744793341507948,2.744793341507948
poisoned_median,12,2,False,2.7302726755974405,2.7302726755974405
poisoned_median,12,3,False,2.1276693998458915,2.1276693998458915
poisoned_median,12,4,False,3.9077091548442957,3.9077091548442957
poisoned_median,13,0,True,6.862828711892572,6.862828711892572
poisoned_median,13,1,False,2.8121049780781253,2.8121049780781253
poisoned_median,13,2,False,2.3436099648971953,2.3436099648971953
poisoned_median,13,3,False,2.2828583737950034,2.2828583737950034
poisoned_median,13,4,False,3.947056261247464,3.947056261247464
poisoned_median,14,0,True,6.834557775499434,6.834557775499434
poisoned_median,14,1,False,2.830642235015967,2.830642235015967
poisoned_median,14,2,False,3.1644585656191646,3.1644585656191646
poisoned_median,14,3,False,2.1793783319833993,2.1793783319833993
poisoned_median,14,4,False,4.308975141026957,4.308975141026957
poisoned_median,15,0,True,6.676824203859895,6.676824203859895
poisoned_median,15,1,False,3.0548129411565,3.0548129411565
poisoned_median,15,2,False,3.628714475513968,3.628714475513968
poisoned_median,15,3,False,2.5371886124565624,2.5371886124565624
poisoned_median,15,4,False,4.485564083877907,4.485564083877907
poisoned_median,16,0,True,6.507612510625117,6.507612510625117
poisoned_median,16,1,False,2.590238699750585,2.590238699750585
poisoned_median,16,2,False,3.7761744604198326,3.7761744604198326
poisoned_median,16,3,False,2.7424330996475907,2.7424330996475907
poisoned_median,16,4,False,4.20682194478529,4.20682194478529
poisoned_median,17,0,True,5.867035826360739,5.867035826360739
poisoned_median,17,1,False,2.6801573085806965,2.6801573085806965
poisoned_median,17,2,False,3.251391383718392,3.251391383718392
poisoned_median,17,3,False,2.6934029389907357,2.6934029389907357
poisoned_median,17,4,False,3.8254789084430887,3.8254789084430887
poisoned_median,18,0,True,6.312333073255122,6.312333073255122
poisoned_median,18,1,False,3.044528786666214,3.044528786666214
poisoned_median,18,2,False,2.957599119071092,2.957599119071092
poisoned_median,18,3,False,2.874310157516446,2.874310157516446
poisoned_median,18,4,False,4.061625645172727,4.061625645172727
poisoned_median,19,0,True,5.802150953042189,5.802150953042189
poisoned_median,19,1,False,2.4300155179724494,2.4300155179724494
poisoned_median,19,2,False,3.1784577481062852,3.1784577481062852
poisoned_median,19,3,False,3.0961467878667572,3.0961467878667572
poisoned_median,19,4,False,3.5640038867139725,3.5640038867139725
poisoned_median,20,0,True,5.968619103909864,5.968619103909864
poisoned_median,20,1,False,2.7827949832139085,2.7827949832139085
poisoned_median,20,2,False,2.723611593197696,2.723611593197696
poisoned_median,20,3,False,3.7696166989555957,3.7696166989555957
poisoned_median,20,4,False,3.323415391469906,3.323415391469906
poisoned_median,21,0,True,5.7455017100513714,5.7455017100513714
poisoned_median,21,1,False,2.703675644534505,2.703675644534505
poisoned_median,21,2,False,2.3665232638478138,2.3665232638478138
poisoned_median,21,3,False,3.975545497574776,3.975545497574776
poisoned_median,21,4,False,2.786410692706198,2.786410692706198
poisoned_median,22,0,True,5.915479287574397,5.915479287574397
poisoned_median,22,1,False,2.8720834402412065,2.8720834402412065
poisoned_median,22,2,False,2.51409295030491,2.51409295030491
poisoned_median,22,3,False,3.971114085285761,3.971114085285761
poisoned_median,22,4,False,3.186425571655581,3.186425571655581
poisoned_median,23,0,True,6.0530450962182085,6.0530450962182085
poisoned_median,23,1,False,3.315029794335001,3.315029794335001
poisoned_median,23,2,False,2.752374303432199,2.752374303432199
poisoned_median,23,3,False,3.6460686466899275,3.6460686466899275
poisoned_median,23,4,False,3.0135607068601975,3.0135607068601975
poisoned_median,24,0,True,5.713515886138415,5.713515886138415
poisoned_median,24,1,False,3.2820658985579008,3.2820658985579008
poisoned_median,24,2,False,2.4897280948824214,2.4897280948824214
poisoned_median,24,3,False,3.6719692922676823,3.6719692922676823
poisoned_median,24,4,False,2.891864773726493,2.891864773726493
poisoned_median,25,0,True,6.063230398347373,6.063230398347373
poisoned_median,25,1,False,3.573385217423229,3.573385217423229
poisoned_median,25,2,False,2.5769556755071354,2.5769556755071354
poisoned_median,25,3,False,3.406426134965418,3.406426134965418
poisoned_median,25,4,False,2.662478431414636,2.662478431414636
poisoned_median,26,0,True,5.781292799448846,5.781292799448846
poisoned_median,26,1,False,3.173142884018997,3.173142884018997
poisoned_median,26,2,False,2.5090548738191596,2.5090548738191596
poisoned_median,26,3,False,2.9747529803771036,2.9747529803771036
poisoned_median,26,4,False,2.4118272681993345,2.4118272681993345
poisoned_median,27,0,True,5.3807147147873415,5.3807147147873415
poisoned_median,27,1,False,3.320349513179194,3.320349513179194
poisoned_median,27,2,False,2.4819288003313718,2.4819288003313718
poisoned_median,27,3,False,2.856757595765469,2.856757595765469
poisoned_median,27,4,False,2.8318933930523067,2.8318933930523067
poisoned_median,28,0,True,5.1874014030578905,5.1874014030578905
poisoned_median,28,1,False,2.651160396377328,2.651160396377328
poisoned_median,28,2,False,2.2240950807339392,2.2240950807339392
poisoned_median,28,3,False,2.4268033093055235,2.4268033093055235
poisoned_median,28,4,False,2.737912234790784,2.737912234790784
poisoned_median,29,0,True,4.772851326000602,4.772851326000602
poisoned_median,29,1,False,2.5987137866125294,2.5987137866125294
poisoned_median,29,2,False,2.0521352956579957,2.0521352956579957
poisoned_median,29,3,False,2.8505708949616633,2.8505708949616633
poisoned_median,29,4,False,2.170956562265742,2.170956562265742
poisoned_median,30,0,True,4.608619443621464,4.608619443621464
poisoned_median,30,1,False,2.55809114899215,2.55809114899215
poisoned_median,30,2,False,2.406044214340079,2.406044214340079
poisoned_median,30,3,False,3.36024154987443,3.36024154987443
poisoned_median,30,4,False,2.3629990024753718,2.3629990024753718
poisoned_trimmed_mean,1,0,True,11.04826530370974,11.04826530370974
poisoned_trimmed_mean,1,1,False,11.319335643094396,11.319335643094396
poisoned_trimmed_mean,1,2,False,11.114831890662696,11.114831890662696
poisoned_trimmed_mean,1,3,False,11.534928823717891,11.534928823717891
poisoned_trimmed_mean,1,4,False,10.858314295390548,10.858314295390548
poisoned_trimmed_mean,2,0,True,3.2442220975964036,3.2442220975964036
poisoned_trimmed_mean,2,1,False,3.4120520325118537,3.4120520325118537
poisoned_trimmed_mean,2,2,False,3.53329888035394,3.53329888035394
poisoned_trimmed_mean,2,3,False,3.7098812901975875,3.7098812901975875
poisoned_trimmed_mean,2,4,False,3.239451305522576,3.239451305522576
poisoned_trimmed_mean,3,0,True,2.3977311532400933,2.3977311532400933
poisoned_trimmed_mean,3,1,False,2.9437454207612332,2.9437454207612332
poisoned_trimmed_mean,3,2,False,3.094995619283763,3.094995619283763
poisoned_trimmed_mean,3,3,False,3.3424555144296653,3.3424555144296653
poisoned_trimmed_mean,3,4,False,2.4780591754604133,2.4780591754604133
poisoned_trimmed_mean,4,0,True,2.2458211309647114,2.2458211309647114
poisoned_trimmed_mean,4,1,False,3.418182077696201,3.418182077696201
poisoned_trimmed_mean,4,2,False,3.6466824553937016,3.6466824553937016
poisoned_trimmed_mean,4,3,False,3.5401348960815837,3.5401348960815837
poisoned_trimmed_mean,4,4,False,3.016198972546221,3.016198972546221
poisoned_trimmed_mean,5,0,True,3.329190882118463,3.329190882118463
poisoned_trimmed_mean,5,1,False,3.4045790912021783,3.4045790912021783
poisoned_trimmed_mean,5,2,False,3.6497823417758006,3.6497823417758006
poisoned_trimmed_mean,5,3,False,3.3264817111905676,3.3264817111905676
poisoned_trimmed_mean,5,4,False,3.5319140210492996,3.5319140210492996
poisoned_trimmed_mean,6,0,True,4.569505669108542,4.569505669108542
poisoned_trimmed_mean,6,1,False,3.1216405048738842,3.1216405048738842
poisoned_trimmed_mean,6,2,False,3.657865138746696,3.657865138746696
poisoned_trimmed_mean,6,3,False,3.259914750941823,3.259914750941823
poisoned_trimmed_mean,6,4,False,3.2766354265978785,3.2766354265978785
poisoned_trimmed_mean,7,0,True,5.377876944167322,5.377876944167322
poisoned_trimmed_mean,7,1,False,3.3313871449780255,3.3313871449780255
poisoned_trimmed_mean,7,2,False,3.06627766639305,3.06627766639305
poisoned_trimmed_mean,7,3,False,3.3268647623498726,3.3268647623498726
poisoned_trimmed_mean,7,4,False,2.9506450519419913,2.9506450519419913
poisoned_trimmed_mean,8,0,True,5.074136867898788,5.074136867898788
poisoned_trimmed_mean,8,1,False,2.4720126649319165,2.4720126649319165
poisoned_trimmed_mean,8,2,False,2.3149347509283817,2.3149347509283817
poisoned_trimmed_mean,8,3,False,2.243945673085342,2.243945673085342
poisoned_trimmed_mean,8,4,False,2.3097160277730926,2.3097160277730926
poisoned_trimmed_mean,9,0,True,4.846226164995836,4.846226164995836
poisoned_trimmed_mean,9,1,False,2.054741151176972,2.054741151176972
poisoned_trimmed_mean,9,2,False,2.6565851270261556,2.6565851270261556
poisoned_trimmed_mean,9,3,False,1.9129714816928154,1.9129714816928154
poisoned_trimmed_mean,9,4,False,2.5707955116592647,2.5707955116592647
poisoned_trimmed_mean,10,0,True,5.064875508226399,5.064875508226399
poisoned_trimmed_mean,10,1,False,1.93889087726967,1.93889087726967
poisoned_trimmed_mean,10,2,False,2.646571214122901,2.646571214122901
poisoned_trimmed_mean,10,3,False,1.846877475054579,1.846877475054579
poisoned_trimmed_mean,10,4,False,2.5453372526652993,2.5453372526652993
poisoned_trimmed_mean,11,0,True,5.387432804368666,5.387432804368666
poisoned_trimmed_mean,11,1,False,2.365549366438104,2.365549366438104
poisoned_trimmed_mean,11,2,False,2.428820154308007,2.428820154308007
poisoned_trimmed_mean,11,3,False,2.0336593520514055,2.0336593520514055
poisoned_trimmed_mean,11,4,False,3.2050124175807695,3.2050124175807695
poisoned_trimmed_mean,12,0,True,5.751664115624016,5.751664115624016
poisoned_trimmed_mean,12,1,False,2.2685455437043656,2.2685455437043656
poisoned_trimmed_mean,12,2,False,2.5133539053440432,2.5133539053440432
poisoned_trimmed_mean,12,3,False,1.861420733984973,1.861420733984973
poisoned_trimmed_mean,12,4,False,2.944886627750588,2.944886627750588
poisoned_trimmed_mean,13,0,True,5.767329028030801,5.767329028030801
poisoned_trimmed_mean,13,1,False,2.5878306310988837,2.5878306310988837
poisoned_trimmed_mean,13,2,False,2.654337346629023,2.654337346629023
poisoned_trimmed_mean,13,3,False,2.117237555137212,2.117237555137212
poisoned_trimmed_mean,13,4,False,3.349780783609435,3.349780783609435
poisoned_trimmed_mean,14,0,True,5.864384976993134,5.864384976993134
poisoned_trimmed_mean,14,1,False,2.180539057671362,2.180539057671362
poisoned_trimmed_mean,14,2,False,3.0376203183014554,3.0376203183014554
poisoned_trimmed_mean,14,3,False,2.1899470191801256,2.1899470191801256
poisoned_trimmed_mean,14,4,False,3.5365500513692405,3.5365500513692405
poisoned_trimmed_mean,15,0,True,5.934779466805634,5.934779466805634
poisoned_trimmed_mean,15,1,False,2.994711976276761,2.994711976276761
poisoned_trimmed_mean,15,2,False,2.8996875539449642,2.8996875539449642
poisoned_trimmed_mean,15,3,False,2.275495890706947,2.275495890706947
poisoned_trimmed_mean,15,4,False,3.9803719433959284,3.9803719433959284
poisoned_trimmed_mean,16,0,True,5.867928323112048,5.867928323112048
poisoned_trimmed_mean,16,1,False,2.518950880222772,2.518950880222772
poisoned_trimmed_mean,16,2,False,3.4395672301662783,3.4395672301662783
poisoned_trimmed_mean,16,3,False,2.310045797677481,2.310045797677481
poisoned_trimmed_mean,16,4,False,3.674110527724409,3.674110527724409
poisoned_trimmed_mean,17,0,True,5.211439968074362,5.211439968074362
poisoned_trimmed_mean,17,1,False,2.825430357935834,2.825430357935834
poisoned_trimmed_mean,17,2,False,3.05379175328483,3.05379175328483
poisoned_trimmed_mean,17,3,False,2.427429928369586,2.427429928369586
poisoned_trimmed_mean,17,4,False,3.644800126479718,3.644800126479718
poisoned_trimmed_mean,18,0,True,5.388891240941871,5.388891240941871
poisoned_trimmed_mean,18,1,False,2.649143488477728,2.649143488477728
poisoned_trimmed_mean,18,2,False,2.0938464646390607,2.0938464646390607
poisoned_trimmed_mean,18,3,False,2.9132401760546554,2.9132401760546554
poisoned_trimmed_mean,18,4,False,2.925987857632632,2.925987857632632
poisoned_trimmed_mean,19,0,True,5.2788108621387675,5.2788108621387675
poisoned_trimmed_mean,19,1,False,2.494820345516045,2.494820345516045
poisoned_trimmed_mean,19,2,False,2.666142893824455,2.666142893824455
poisoned_trimmed_mean,19,3,False,3.0305919192002326,3.0305919192002326
poisoned_trimmed_mean,19,4,False,3.044871418854731,3.044871418854731
poisoned_trimmed_mean,20,0,True,6.023828393792142,6.023828393792142
poisoned_trimmed_mean,20,1,False,2.0733016035321987,2.0733016035321987
poisoned_trimmed_mean,20,2,False,2.5145355035335224,2.5145355035335224
poisoned_trimmed_mean,20,3,False,2.891155517785805,2.891155517785805
poisoned_trimmed_mean,20,4,False,3.328906789154684,3.328906789154684
poisoned_trimmed_mean,21,0,True,5.277525686952328,5.277525686952328
poisoned_trimmed_mean,21,1,False,2.22806349932072,2.22806349932072
poisoned_trimmed_mean,21,2,False,1.9998790123087915,1.9998790123087915
poisoned_trimmed_mean,21,3,False,3.274767635169279,3.274767635169279
poisoned_trimmed_mean,21,4,False,3.4216208692659027,3.4216208692659027
poisoned_trimmed_mean,22,0,True,5.821930956643089,5.821930956643089
poisoned_trimmed_mean,22,1,False,2.0675180483547235,2.0675180483547235
poisoned_trimmed_mean,22,2,False,2.2996821865171335,2.2996821865171335
poisoned_trimmed_mean,22,3,False,2.8387292849416816,2.8387292849416816
poisoned_trimmed_mean,22,4,False,2.7634101455777182,2.7634101455777182
poisoned_trimmed_mean,23,0,True,5.709691575085312,5.709691575085312
poisoned_trimmed_mean,23,1,False,2.3105463525759498,2.3105463525759498
poisoned_trimmed_mean,23,2,False,2.037945434105554,2.037945434105554
poisoned_trimmed_mean,23,3,False,2.96363482470569,2.96363482470569
poisoned_trimmed_mean,23,4,False,2.92110541541942,2.92110541541942
poisoned_trimmed_mean,24,0,True,5.40653773009041,5.40653773009041
poisoned_trimmed_mean,24,1,False,2.320366990781101,2.320366990781101
poisoned_trimmed_mean,24,2,False,2.4908614713936346,2.4908614713936346
poisoned_trimmed_mean,24,3,False,3.1638865450289995,3.1638865450289995
poisoned_trimmed_mean,24,4,False,2.5932043478043827,2.5932043478043827
poisoned_trimmed_mean,25,0,True,5.393841146796112,5.393841146796112
poisoned_trimmed_mean,25,1,False,2.4189933147351415,2.4189933147351415
poisoned_trimmed_mean,25,2,False,2.060012700666778,2.060012700666778
poisoned_trimmed_mean,25,3,False,2.806634835931225,2.806634835931225
poisoned_trimmed_mean,25,4,False,2.465369075857012,2.465369075857012
poisoned_trimmed_mean,26,0,True,5.4330645271645475,5.4330645271645475
poisoned_trimmed_mean,26,1,False,2.695803745487324,2.695803745487324
poisoned_trimmed_mean,26,2,False,1.989800211633381,1.989800211633381
poisoned_trimmed_mean,26,3,False,2.716931377432172,2.716931377432172
poisoned_trimmed_mean,26,4,False,2.8272221927438865,2.8272221927438865
poisoned_trimmed_mean,27,0,True,4.972526728052184,4.972526728052184
poisoned_trimmed_mean,27,1,False,2.422611394741193,2.422611394741193
poisoned_trimmed_mean,27,2,False,1.7269837194520978,1.7269837194520978
poisoned_trimmed_mean,27,3,False,2.7395607721991277,2.7395607721991277
poisoned_trimmed_mean,27,4,False,2.345377295701197,2.345377295701197
poisoned_trimmed_mean,28,0,True,5.0852271299085166,5.0852271299085166
poisoned_trimmed_mean,28,1,False,2.461954331740208,2.461954331740208
poisoned_trimmed_mean,28,2,False,1.7517950171543095,1.7517950171543095
poisoned_trimmed_mean,28,3,False,2.5589025346656884,2.5589025346656884
poisoned_trimmed_mean,28,4,False,2.150585258697361,2.150585258697361
poisoned_trimmed_mean,29,0,True,4.832201147959278,4.832201147959278
poisoned_trimmed_mean,29,1,False,2.5528791837817444,2.5528791837817444
poisoned_trimmed_mean,29,2,False,1.7838578188191745,1.7838578188191745
poisoned_trimmed_mean,29,3,False,2.414259206712916,2.414259206712916
poisoned_trimmed_mean,29,4,False,2.3261666141491113,2.3261666141491113
poisoned_trimmed_mean,30,0,True,4.892662921215335,4.892662921215335
poisoned_trimmed_mean,30,1,False,2.331035858038362,2.331035858038362
poisoned_trimmed_mean,30,2,False,1.8607432233568397,1.8607432233568397
poisoned_trimmed_mean,30,3,False,2.3684153299701327,2.3684153299701327
poisoned_trimmed_mean,30,4,False,2.252923961341734,2.252923961341734
poisoned_detection_filter,1,0,True,11.091886095944682,11.091886095944682
poisoned_detection_filter,1,1,False,11.351942499006668,11.351942499006668
poisoned_detection_filter,1,2,False,11.179837186647209,11.179837186647209
poisoned_detection_filter,1,3,False,11.452195855477484,11.452195855477484
poisoned_detection_filter,1,4,False,10.817032464455368,10.817032464455368
poisoned_detection_filter,2,0,True,3.243568775862386,3.243568775862386
poisoned_detection_filter,2,1,False,3.6661083959897813,3.6661083959897813
poisoned_detection_filter,2,2,False,3.47542004915429,3.47542004915429
poisoned_detection_filter,2,3,False,3.7750111936166277,3.7750111936166277
poisoned_detection_filter,2,4,False,3.4291677605177613,3.4291677605177613
poisoned_detection_filter,3,0,True,2.195972894374784,2.195972894374784
poisoned_detection_filter,3,1,False,2.7689973316069145,2.7689973316069145
poisoned_detection_filter,3,2,False,2.7230486605768927,2.7230486605768927
poisoned_detection_filter,3,3,False,2.835527059685752,2.835527059685752
poisoned_detection_filter,3,4,False,2.5153799258871508,2.5153799258871508
poisoned_detection_filter,4,0,True,2.3321808544072016,2.3321808544072016
poisoned_detection_filter,4,1,False,2.9606545326513647,2.9606545326513647
poisoned_detection_filter,4,2,False,3.298690174217885,3.298690174217885
poisoned_detection_filter,4,3,False,3.1806692346624095,3.1806692346624095
poisoned_detection_filter,4,4,False,2.754467752038462,2.754467752038462
poisoned_detection_filter,5,0,True,3.6778797115239503,3.6778797115239503
poisoned_detection_filter,5,1,False,3.6767116961235318,3.6767116961235318
poisoned_detection_filter,5,2,False,3.5940370325421838,3.5940370325421838
poisoned_detection_filter,5,3,False,3.2725957385332323,3.2725957385332323
poisoned_detection_filter,5,4,False,3.3206383070479237,3.3206383070479237
poisoned_detection_filter,6,0,True,4.936995691679922,4.936995691679922
poisoned_detection_filter,6,1,False,3.31993391830551,3.31993391830551
poisoned_detection_filter,6,2,False,3.332886662216782,3.332886662216782
poisoned_detection_filter,6,3,False,3.6437597489121862,3.6437597489121862
poisoned_detection_filter,6,4,False,3.6840698254882756,3.6840698254882756
poisoned_detection_filter,7,0,True,5.747626671912694,5.747626671912694
poisoned_detection_filter,7,1,False,3.160964014226694,3.160964014226694
poisoned_detection_filter,7,2,False,3.21002880607166,3.21002880607166
poisoned_detection_filter,7,3,False,3.6887979173864855,3.6887979173864855
poisoned_detection_filter,7,4,False,2.8934452315251153,2.8934452315251153
poisoned_detection_filter,8,0,True,5.433816858119827,5.433816858119827
poisoned_detection_filter,8,1,False,2.262858098519072,2.262858098519072
poisoned_detection_filter,8,2,False,2.142472773451742,2.142472773451742
poisoned_detection_filter,8,3,False,2.435829533569048,2.435829533569048
poisoned_detection_filter,8,4,False,2.2156294006742945,2.2156294006742945
poisoned_detection_filter,9,0,True,5.286801309169925,5.286801309169925
poisoned_detection_filter,9,1,False,2.1279394495110795,2.1279394495110795
poisoned_detection_filter,9,2,False,2.1969028625624922,2.1969028625624922
poisoned_detection_filter,9,3,False,2.1495219907975387,2.1495219907975387
poisoned_detection_filter,9,4,False,2.615750417682252,2.615750417682252
poisoned_detection_filter,10,0,True,5.415211834843445,5.415211834843445
poisoned_detection_filter,10,1,False,2.5323063731129616,2.5323063731129616
poisoned_detection_filter,10,2,False,2.1463492518380325,2.1463492518380325
poisoned_detection_filter,10,3,False,2.248764997115418,2.248764997115418
poisoned_detection_filter,10,4,False,3.5415463539045215,3.5415463539045215
poisoned_detection_filter,11,0,True,5.874588898659397,5.874588898659397
poisoned_detection_filter,11,1,False,2.068473023780994,2.068473023780994
poisoned_detection_filter,11,2,False,2.3878796775174145,2.3878796775174145
poisoned_detection_filter,11,3,False,2.112178600990238,2.112178600990238
poisoned_detection_filter,11,4,False,3.9504139934373033,3.9504139934373033
poisoned_detection_filter,12,0,True,5.8123318553022445,5.8123318553022445
poisoned_detection_filter,12,1,False,2.2452381495984155,2.2452381495984155
poisoned_detection_filter,12,2,False,2.5717426795814133,2.5717426795814133
poisoned_detection_filter,12,3,False,2.1113523924821775,2.1113523924821775
poisoned_detection_filter,12,4,False,4.420787983925119,4.420787983925119
poisoned_detection_filter,13,0,True,6.465901722209705,6.465901722209705
poisoned_detection_filter,13,1,False,2.484253702853443,2.484253702853443
poisoned_detection_filter,13,2,False,3.1381248239305513,3.1381248239305513
poisoned_detection_filter,13,3,False,1.9923162709739985,1.9923162709739985
poisoned_detection_filter,13,4,False,5.536442998418853,5.536442998418853
poisoned_detection_filter,14,0,True,6.462808801446002,6.462808801446002
poisoned_detection_filter,14,1,False,2.4051847651553087,2.4051847651553087
poisoned_detection_filter,14,2,False,3.472156640681849,3.472156640681849
poisoned_detection_filter,14,3,False,2.305231104546263,2.305231104546263
poisoned_detection_filter,14,4,False,4.505369952262402,4.505369952262402
poisoned_detection_filter,15,0,True,6.412155465067745,6.412155465067745
poisoned_detection_filter,15,1,False,2.886271193402011,2.886271193402011
poisoned_detection_filter,15,2,False,3.3753310368026432,3.3753310368026432
poisoned_detection_filter,15,3,False,2.6255988148618012,2.6255988148618012
poisoned_detection_filter,15,4,False,4.048733319591463,4.048733319591463
poisoned_detection_filter,16,0,True,6.317260642236761,6.317260642236761
poisoned_detection_filter,16,1,False,2.65811382228407,2.65811382228407
poisoned_detection_filter,16,2,False,3.139729960196975,3.139729960196975
poisoned_detection_filter,16,3,False,2.9276648087525112,2.9276648087525112
poisoned_detection_filter,16,4,False,4.234849173876368,4.234849173876368
poisoned_detection_filter,17,0,True,6.234014586469065,6.234014586469065
poisoned_detection_filter,17,1,False,2.5837868363437577,2.5837868363437577
poisoned_detection_filter,17,2,False,3.0095131632398697,3.0095131632398697
poisoned_detection_filter,17,3,False,2.8559984861889514,2.8559984861889514
poisoned_detection_filter,17,4,False,4.273009132651883,4.273009132651883
poisoned_detection_filter,18,0,True,6.670207313075212,6.670207313075212
poisoned_detection_filter,18,1,False,2.6995240110246908,2.6995240110246908
poisoned_detection_filter,18,2,False,2.8593623827044827,2.8593623827044827
poisoned_detection_filter,18,3,False,3.079935546632284,3.079935546632284
poisoned_detection_filter,18,4,False,4.453242850139208,4.453242850139208
poisoned_detection_filter,19,0,True,6.389087667126192,6.389087667126192
poisoned_detection_filter,19,1,False,2.5171899158366338,2.5171899158366338
poisoned_detection_filter,19,2,False,3.0532475788545943,3.0532475788545943
poisoned_detection_filter,19,3,False,2.8182754777169405,2.8182754777169405
poisoned_detection_filter,19,4,False,5.294047132271057,5.294047132271057
poisoned_detection_filter,20,0,True,6.579914596282656,6.579914596282656
poisoned_detection_filter,20,1,False,2.51784097424937,2.51784097424937
poisoned_detection_filter,20,2,False,2.95978262769129,2.95978262769129
poisoned_detection_filter,20,3,False,2.8625348994505226,2.8625348994505226
poisoned_detection_filter,20,4,False,5.211301562852392,5.211301562852392
poisoned_detection_filter,21,0,True,6.448272188374943,6.448272188374943
poisoned_detection_filter,21,1,False,2.783014707358131,2.783014707358131
poisoned_detection_filter,21,2,False,2.938639217288171,2.938639217288171
poisoned_detection_filter,21,3,False,3.4379168559231514,3.4379168559231514
poisoned_detection_filter,21,4,False,5.382825111345862,5.382825111345862
poisoned_detection_filter,22,0,True,6.3327432094276785,6.3327432094276785
poisoned_detection_filter,22,1,False,3.0375431492301326,3.0375431492301326
poisoned_detection_filter,22,2,False,3.284999360212042,3.284999360212042
poisoned_detection_filter,22,3,False,3.383548375080089,3.383548375080089
poisoned_detection_filter,22,4,False,4.3225768287552375,4.3225768287552375
poisoned_detection_filter,23,0,True,6.184513501054956,6.184513501054956
poisoned_detection_filter,23,1,False,2.775443099049839,2.775443099049839
poisoned_detection_filter,23,2,False,2.8253333089411807,2.8253333089411807
poisoned_detection_filter,23,3,False,3.1933745541783236,3.1933745541783236
poisoned_detection_filter,23,4,False,3.3447466060975737,3.3447466060975737
poisoned_detection_filter,24,0,True,6.001291201576999,6.001291201576999
poisoned_detection_filter,24,1,False,2.923172452028032,2.923172452028032
poisoned_detection_filter,24,2,False,2.6375957196931368,2.6375957196931368
poisoned_detection_filter,24,3,False,3.5995598715073513,3.5995598715073513
poisoned_detection_filter,24,4,False,3.5522945998951716,3.5522945998951716
poisoned_detection_filter,25,0,True,5.708657665886102,5.708657665886102
poisoned_detection_filter,25,1,False,2.8184102533016313,2.8184102533016313
poisoned_detection_filter,25,2,False,2.700637117795224,2.700637117795224
poisoned_detection_filter,25,3,False,2.891282657827595,2.891282657827595
poisoned_detection_filter,25,4,False,3.0167512928571734,3.0167512928571734
poisoned_detection_filter,26,0,True,5.712105470830438,5.712105470830438
poisoned_detection_filter,26,1,False,2.805248620467067,2.805248620467067
poisoned_detection_filter,26,2,False,2.3583821168222414,2.3583821168222414
poisoned_detection_filter,26,3,False,2.7109975363618997,2.7109975363618997
poisoned_detection_filter,26,4,False,2.8565784598993402,2.8565784598993402
poisoned_detection_filter,27,0,True,5.6747078878260915,5.6747078878260915
poisoned_detection_filter,27,1,False,2.7867102648229634,2.7867102648229634
poisoned_detection_filter,27,2,False,2.484514674230516,2.484514674230516
poisoned_detection_filter,27,3,False,2.793416743442206,2.793416743442206
poisoned_detection_filter,27,4,False,3.3326560503016482,3.3326560503016482
poisoned_detection_filter,28,0,True,5.6055780486727,5.6055780486727
poisoned_detection_filter,28,1,False,2.5006950420878766,2.5006950420878766
poisoned_detection_filter,28,2,False,2.2209140333897017,2.2209140333897017
poisoned_detection_filter,28,3,False,2.901217485768555,2.901217485768555
poisoned_detection_filter,28,4,False,2.8612421847489062,2.8612421847489062
poisoned_detection_filter,29,0,True,5.68260530288964,5.68260530288964
poisoned_detection_filter,29,1,False,2.5236475686160817,2.5236475686160817
poisoned_detection_filter,29,2,False,2.2817329871680427,2.2817329871680427
poisoned_detection_filter,29,3,False,2.4045235048757987,2.4045235048757987
poisoned_detection_filter,29,4,False,2.6837872101169937,2.6837872101169937
poisoned_detection_filter,30,0,True,5.693165545848267,5.693165545848267
poisoned_detection_filter,30,1,False,2.138677861016134,2.138677861016134
poisoned_detection_filter,30,2,False,2.3047422250359904,2.3047422250359904
poisoned_detection_filter,30,3,False,2.6210525259332136,2.6210525259332136
poisoned_detection_filter,30,4,False,2.6652388252403316,2.6652388252403316
